Name,Year,Genre,Publisher,EU_Sales,Global_Sales
Wii Sports,2006,Sports,Nintendo,29.02,82.74
Super Mario Bros.,1985,Platform,Nintendo,3.58,40.24
Mario Kart Wii,2008,Racing,Nintendo,12.88,35.82
Wii Sports Resort,2009,Sports,Nintendo,11.01,33
Pokemon Red/Pokemon Blue,1996,Role-Playing,Nintendo,8.89,31.37
Tetris,1989,Puzzle,Nintendo,2.26,30.26
New Super Mario Bros.,2006,Platform,Nintendo,9.23,30.01
Wii Play,2006,Misc,Nintendo,9.2,29.02
New Super Mario Bros. Wii,2009,Platform,Nintendo,7.06,28.62
Duck Hunt,1984,Shooter,Nintendo,0.63,28.31
Nintendogs,2005,Simulation,Nintendo,11,24.76
Mario Kart DS,2005,Racing,Nintendo,7.57,23.42
Pokemon Gold/Pokemon Silver,1999,Role-Playing,Nintendo,6.18,23.1
Wii Fit,2007,Sports,Nintendo,8.03,22.72
Wii Fit Plus,2009,Sports,Nintendo,8.59,22
Kinect Adventures!,2010,Misc,Microsoft Game Studios,4.94,21.82
Grand Theft Auto V,2013,Action,Take-Two Interactive,9.27,21.4
Grand Theft Auto: San Andreas,2004,Action,Take-Two Interactive,0.4,20.81
Super Mario World,1990,Platform,Nintendo,3.75,20.61
Brain Age: Train Your Brain in Minutes a Day,2005,Misc,Nintendo,9.26,20.22
Pokemon Diamond/Pokemon Pearl,2006,Role-Playing,Nintendo,4.52,18.36
Super Mario Land,1989,Platform,Nintendo,2.71,18.14
Super Mario Bros. 3,1988,Platform,Nintendo,3.44,17.28
Grand Theft Auto V,2013,Action,Take-Two Interactive,5.31,16.38
Grand Theft Auto: Vice City,2002,Action,Take-Two Interactive,5.49,16.15
Pokemon Ruby/Pokemon Sapphire,2002,Role-Playing,Nintendo,3.9,15.85
Pokemon Black/Pokemon White,2010,Role-Playing,Nintendo,3.28,15.32
Brain Age 2: More Training in Minutes a Day,2005,Puzzle,Nintendo,5.36,15.3
Gran Turismo 3: A-Spec,2001,Racing,Sony Computer Entertainment,5.09,14.98
Call of Duty: Modern Warfare 3,2011,Shooter,Activision,4.28,14.76
Pokémon Yellow: Special Pikachu Edition,1998,Role-Playing,Nintendo,5.04,14.64
Call of Duty: Black Ops,2010,Shooter,Activision,3.73,14.64
Pokemon X/Pokemon Y,2013,Role-Playing,Nintendo,4.05,14.35
Call of Duty: Black Ops 3,2015,Shooter,Activision,5.81,14.24
Call of Duty: Black Ops II,2012,Shooter,Activision,5.88,14.03
Call of Duty: Black Ops II,2012,Shooter,Activision,4.3,13.73
Call of Duty: Modern Warfare 2,2009,Shooter,Activision,3.63,13.51
Call of Duty: Modern Warfare 3,2011,Shooter,Activision,5.82,13.46
Grand Theft Auto III,2001,Action,Take-Two Interactive,4.51,13.1
Super Smash Bros. Brawl,2008,Fighting,Nintendo,2.61,13.04
Call of Duty: Black Ops,2010,Shooter,Activision,4.44,12.73
Animal Crossing: Wild World,2005,Simulation,Nintendo,3.52,12.27
Mario Kart 7,2011,Racing,Nintendo,3.91,12.21
Halo 3,2007,Shooter,Microsoft Game Studios,2.83,12.14
Grand Theft Auto V,2014,Action,Take-Two Interactive,5.81,11.98
Pokemon HeartGold/Pokemon SoulSilver,2009,Action,Nintendo,2.77,11.9
Super Mario 64,1996,Platform,Nintendo,2.85,11.89
Gran Turismo 4,2004,Racing,Sony Computer Entertainment,0.01,11.66
Super Mario Galaxy,2007,Platform,Nintendo,3.4,11.52
Pokemon Omega Ruby/Pokemon Alpha Sapphire,2014,Role-Playing,Nintendo,3.37,11.33
Super Mario Land 2: 6 Golden Coins,1992,Adventure,Nintendo,2.04,11.18
Grand Theft Auto IV,2008,Action,Take-Two Interactive,3.1,11.02
Gran Turismo,1997,Racing,Sony Computer Entertainment,3.87,10.95
Super Mario 3D Land,2011,Platform,Nintendo,2.99,10.79
Gran Turismo 5,2010,Racing,Sony Computer Entertainment,4.88,10.77
Call of Duty: Modern Warfare 2,2009,Shooter,Activision,3.69,10.69
Grand Theft Auto IV,2008,Action,Take-Two Interactive,3.76,10.57
Super Mario All-Stars,1993,Platform,Nintendo,2.15,10.55
Pokemon FireRed/Pokemon LeafGreen,2004,Role-Playing,Nintendo,2.65,10.49
Super Mario 64,2004,Platform,Nintendo,3.11,10.42
Just Dance 3,2011,Misc,Ubisoft,3.15,10.26
Call of Duty: Ghosts,2013,Shooter,Activision,2.63,10.21
Halo: Reach,2010,Shooter,Microsoft Game Studios,1.98,9.88
Mario Kart 64,1996,Racing,Nintendo,1.94,9.87
New Super Mario Bros. 2,2012,Platform,Nintendo,3.07,9.82
Halo 4,2012,Shooter,Microsoft Game Studios,2.36,9.76
Final Fantasy VII,1997,Role-Playing,Sony Computer Entertainment,2.47,9.72
Call of Duty: Ghosts,2013,Shooter,Activision,3.73,9.59
Just Dance 2,2010,Misc,Ubisoft,2.89,9.52
Gran Turismo 2,1999,Racing,Sony Computer Entertainment,3.42,9.49
Call of Duty 4: Modern Warfare,2007,Shooter,Activision,2.38,9.32
Donkey Kong Country,1994,Platform,Nintendo,1.71,9.3
Minecraft,2013,Misc,Microsoft Game Studios,2.83,9.2
Animal Crossing: New Leaf,2012,Simulation,Nintendo,2.32,9.09
Mario Party DS,2007,Misc,Nintendo,1.88,9.02
The Elder Scrolls V: Skyrim,2011,Role-Playing,Bethesda Softworks,2.86,8.84
Super Mario Kart,1992,Racing,Nintendo,1.24,8.76
FIFA 16,2015,Sports,Electronic Arts,6.06,8.49
Wii Party,2010,Misc,Nintendo,3.53,8.49
Halo 2,2004,Shooter,Microsoft Game Studios,1.53,8.49
Mario Party 8,2007,Misc,Nintendo,2.3,8.42
Pokemon Black 2/Pokemon White 2,2012,Role-Playing,Nintendo,1.86,8.33
FIFA Soccer 13,2012,Action,Electronic Arts,5.05,8.24
The Sims 3,2009,Simulation,Electronic Arts,6.42,8.11
GoldenEye 007,1997,Shooter,Nintendo,2.01,8.09
Mario & Sonic at the Olympic Games,2007,Sports,Sega,3.9,8.06
Final Fantasy X,2001,Role-Playing,Sony Computer Entertainment,2.07,8.05
Final Fantasy VIII,1999,Role-Playing,SquareSoft,1.72,7.86
Pokémon Platinum Version,2008,Role-Playing,Nintendo,1.78,7.84
Pac-Man,1982,Puzzle,Atari,0.45,7.81
Grand Theft Auto: Liberty City Stories,2005,Action,Take-Two Interactive,2.83,7.72
Super Mario Galaxy 2,2010,Platform,Nintendo,2.42,7.69
Star Wars Battlefront (2015),2015,Shooter,Electronic Arts,3.29,7.67
Call of Duty: Advanced Warfare,2014,Shooter,Activision,3.3,7.6
The Legend of Zelda: Ocarina of Time,1998,Action,Nintendo,1.89,7.6
Crash Bandicoot 2: Cortex Strikes Back,1997,Platform,Sony Computer Entertainment,2.17,7.58
Super Mario Bros. 2,1988,Platform,Nintendo,1.18,7.46
Super Smash Bros. for Wii U and 3DS,2014,Fighting,Nintendo,1.35,7.45
Call of Duty: World at War,2008,Shooter,Activision,1.9,7.37
Battlefield 3,2011,Shooter,Electronic Arts,2.13,7.34
The Legend of Zelda: Twilight Princess,2006,Action,Nintendo,2.19,7.31
Call of Duty: Black Ops 3,2015,Shooter,Activision,2.09,7.3
Just Dance,2009,Misc,Ubisoft,3.03,7.27
Battlefield 3,2011,Shooter,Electronic Arts,2.93,7.23
Need for Speed Underground,2003,Racing,Electronic Arts,2.83,7.2
Tekken 3,1998,Fighting,Sony Computer Entertainment,2.22,7.16
Crash Bandicoot 3: Warped,1998,Platform,Sony Computer Entertainment,1.75,7.13
Super Smash Bros. Melee,2001,Fighting,Nintendo,1.04,7.07
Mario Kart 8,2014,Racing,Nintendo,2.07,6.96
Fallout 4,2015,Role-Playing,Bethesda Softworks,3.15,6.96
Mario Kart: Double Dash!!,2003,Racing,Nintendo,1.77,6.95
Just Dance 4,2012,Misc,Ubisoft,2.21,6.91
FIFA 14,2013,Sports,Electronic Arts,4.32,6.9
Need for Speed Underground 2,2004,Racing,Electronic Arts,3.02,6.9
Medal of Honor: Frontline,2002,Shooter,Electronic Arts,2.75,6.83
Uncharted 3: Drake's Deception,2011,Action,Sony Computer Entertainment,2.8,6.83
Crash Bandicoot,1996,Platform,Sony Computer Entertainment,2.35,6.82
Zumba Fitness,2010,Sports,505 Games,2.64,6.81
Gears of War 2,2008,Shooter,Microsoft Game Studios,1.92,6.76
Uncharted 2: Among Thieves,2009,Action,Sony Computer Entertainment,2.25,6.73
Call of Duty 4: Modern Warfare,2007,Shooter,Activision,2.3,6.72
FIFA 12,2011,Sports,Electronic Arts,4.32,6.69
Big Brain Academy,2005,Misc,Nintendo,2.78,6.67
Red Dead Redemption,2010,Action,Take-Two Interactive,2.61,6.6
FIFA 15,2014,Sports,Electronic Arts,4.29,6.59
Donkey Kong Country Returns,2010,Platform,Nintendo,1.84,6.59
The Elder Scrolls V: Skyrim,2011,Role-Playing,Bethesda Softworks,2.71,6.56
The Legend of Zelda,1986,Action,Nintendo,0.93,6.51
Assassin's Creed III,2012,Action,Ubisoft,2.56,6.5
Halo: Combat Evolved,2001,Shooter,Microsoft Game Studios,1.3,6.43
Pokémon Emerald Version,2004,Role-Playing,Nintendo,1.58,6.41
Kingdom Hearts,2002,Role-Playing,Sony Computer Entertainment,1.2,6.4
Pokémon Crystal Version,2000,Role-Playing,Nintendo,1.56,6.39
Halo 3: ODST,2009,Shooter,Microsoft Game Studios,1.35,6.36
Red Dead Redemption,2010,Action,Take-Two Interactive,1.97,6.34
Super Mario Sunshine,2002,Platform,Nintendo,1.26,6.31
Street Fighter II: The World Warrior,1992,Fighting,Capcom,0.83,6.3
World of Warcraft,2004,Role-Playing,Activision,6.21,6.28
Driver,1999,Action,GT Interactive,2.8,6.27
Kinect Sports,2010,Sports,Microsoft Game Studios,1.78,6.24
Gears of War 3,2011,Shooter,Microsoft Game Studios,1.62,6.24
Gears of War,2006,Shooter,Microsoft Game Studios,1.9,6.11
Metal Gear Solid 2: Sons of Liberty,2001,Action,Konami Digital Entertainment,2.01,6.05
Sonic the Hedgehog 2,1992,Platform,Sega,1.2,6.03
Metal Gear Solid 4: Guns of the Patriots,2008,Action,Konami Digital Entertainment,1.74,6.03
Metal Gear Solid,1998,Action,Konami Digital Entertainment,1.83,6.03
The Last of Us,2013,Action,Sony Computer Entertainment Europe,2.28,5.99
Final Fantasy XII,2006,Role-Playing,Square Enix,0,5.95
LittleBigPlanet,2008,Platform,Sony Computer Entertainment,2.05,5.92
Dragon Quest IX: Sentinels of the Starry Skies,2009,Role-Playing,Nintendo,0.69,5.84
LEGO Star Wars: The Complete Saga,2007,Action,LucasArts,1.63,5.83
Resident Evil 2,1998,Action,Virgin Interactive,1.47,5.82
Tekken 2,1996,Fighting,Sony Computer Entertainment,1.89,5.74
Cooking Mama,2006,Simulation,505 Games,1.94,5.72
Destiny,2014,Shooter,Activision,2.05,5.65
Tetris,1988,Puzzle,Nintendo,0.69,5.58
Assassin's Creed II,2009,Action,Ubisoft,1.95,5.57
Super Smash Bros.,1999,Fighting,Nintendo,0.6,5.55
Assassin's Creed,2007,Adventure,Ubisoft,1.65,5.55
Batman: Arkham City,2011,Action,Warner Bros. Interactive Entertainment,1.91,5.53
Forza Motorsport 3,2009,Racing,Microsoft Game Studios,1.92,5.51
Monster Hunter Freedom Unite,2008,Role-Playing,Capcom,0.57,5.5
Super Mario Advance,2001,Platform,Nintendo,1.24,5.49
Mario Kart: Super Circuit,2001,Racing,Nintendo,1.64,5.47
Super Mario World,2001,Platform,Nintendo,1.11,5.46
Pokemon Stadium,1999,Strategy,Nintendo,1.24,5.45
Call of Duty: World at War,2008,Shooter,Activision,1.87,5.43
Crash Bandicoot: The Wrath of Cortex,2001,Platform,Universal Interactive,2.29,5.42
Minecraft,2014,Misc,Sony Computer Entertainment,2.51,5.42
Final Fantasy XIII,2009,Role-Playing,Square Enix,1.24,5.36
Dr. Mario,1989,Puzzle,Nintendo,0.96,5.34
Pokemon Pinball,1999,Misc,Nintendo,1.12,5.31
Assassin's Creed III,2012,Action,Ubisoft,1.71,5.3
Final Fantasy IX,2000,Role-Playing,SquareSoft,0.77,5.3
Final Fantasy X-2,2003,Role-Playing,Electronic Arts,1.08,5.29
Donkey Kong 64,1999,Platform,Nintendo,0.79,5.27
Assassin's Creed II,2009,Action,Ubisoft,1.56,5.27
Professor Layton and the Curious Village,2007,Puzzle,Nintendo,2.48,5.26
Tomb Raider II,1997,Action,Eidos Interactive,2.46,5.24
Madden NFL 2004,N/A,Sports,Electronic Arts,0.26,5.23
Dragon Quest VIII: Journey of the Cursed King,2004,Role-Playing,Square Enix,0.75,5.21
Diablo III,2012,Role-Playing,Activision,2.15,5.2
Super Mario Bros. 3,2003,Platform,Nintendo,1.25,5.2
New Super Mario Bros. U,2012,Platform,Nintendo,1.3,5.19
Super Mario Land 3: Wario Land,1994,Platform,Nintendo,0.98,5.19
FIFA Soccer 13,2012,Action,Electronic Arts,3.48,5.18
The Legend of Zelda: Phantom Hourglass,2007,Action,Nintendo,1.83,5.17
Donkey Kong Country 2: Diddy's Kong Quest,1995,Platform,Nintendo,0.74,5.15
Tomodachi Life,2013,Simulation,Nintendo,2.02,5.15
Mario & Sonic at the Olympic Games,2008,Sports,Sega,2.48,5.14
Medal of Honor: Rising Sun,2003,Shooter,Electronic Arts,2.23,5.13
Kirby's Dream Land,1992,Platform,Nintendo,0.61,5.13
Fable III,2010,Role-Playing,Microsoft Game Studios,1.11,5.13
Call of Duty: Advanced Warfare,2014,Shooter,Activision,1.53,5.13
Microsoft Flight Simulator,1996,Simulation,Microsoft Game Studios,1.69,5.12
Guitar Hero II,2006,Misc,RedOctane,0.63,5.12
Resident Evil 5,2009,Action,Capcom,1.43,5.11
Grand Theft Auto V,2014,Action,Take-Two Interactive,2.01,5.08
Grand Theft Auto: Vice City Stories,2006,Action,Take-Two Interactive,2.02,5.08
FIFA Soccer 11,2010,Sports,Electronic Arts,3.29,5.08
Super Mario Bros.,1999,Platform,Nintendo,1.3,5.07
Resident Evil,1996,Action,Virgin Interactive,1.16,5.05
Tony Hawk's Pro Skater,1999,Sports,Activision,1.38,5.02
Super Smash Bros. for Wii U and 3DS,2014,Fighting,Nintendo,1.06,5.02
Warzone 2100,1999,Strategy,Eidos Interactive,1.89,5.01
Spyro the Dragon,1998,Platform,Sony Computer Entertainment,1.36,5
Link's Crossbow Training,2007,Shooter,Nintendo,1.18,5
Guitar Hero III: Legends of Rock,2007,Misc,Activision,0.01,4.98
Fallout 3,2008,Role-Playing,Bethesda Softworks,1.03,4.96
Pokemon Mystery Dungeon: Explorers of Time/Explorers of Darkness,2007,Role-Playing,Nintendo,1.2,4.96
Uncharted: Drake's Fortune,2007,Action,Sony Computer Entertainment,1.73,4.94
Madden NFL 06,2005,Sports,Electronic Arts,0.26,4.91
LEGO Star Wars: The Complete Saga,2007,Action,LucasArts,1.54,4.9
Diddy Kong Racing,1997,Racing,Nintendo,0.99,4.88
Monster Hunter Freedom 3,2010,Role-Playing,Capcom,0,4.87
Dr. Mario,1990,Puzzle,Nintendo,0.6,4.85
God of War III,2010,Action,Sony Computer Entertainment,1.36,4.84
StarCraft II: Wings of Liberty,2010,Strategy,Activision,1.68,4.83
Assassin's Creed,2007,Adventure,Ubisoft,2,4.83
FIFA 15,2014,Sports,Electronic Arts,3.14,4.82
Crash Team Racing,1999,Racing,Sony Computer Entertainment,1.57,4.79
FIFA 17,2016,Sports,Electronic Arts,3.75,4.77
Batman: Arkham City,2011,Action,Warner Bros. Interactive Entertainment,1.31,4.76
Driver 2,2000,Action,Atari,2.1,4.73
The Simpsons: Hit & Run,2003,Racing,Vivendi Games,2.19,4.7
Tony Hawk's Pro Skater 2,2000,Sports,Activision,1.41,4.68
Animal Crossing: City Folk,2008,Simulation,Nintendo,1.12,4.68
The Lord of the Rings: The Two Towers,2002,Action,Electronic Arts,1.95,4.67
Forza Motorsport 4,2011,Racing,Microsoft Game Studios,2.04,4.64
Tomb Raider,1996,Action,Eidos Interactive,1.97,4.63
Guitar Hero III: Legends of Rock,2007,Misc,Activision,1.12,4.62
The Legend of Zelda: A Link to the Past,1991,Action,Nintendo,0.91,4.61
The Legend of Zelda: The Wind Waker,2002,Action,Nintendo,0.99,4.6
Mario & Sonic at the Olympic Winter Games,2009,Sports,Sega,1.99,4.58
Luigi's Mansion: Dark Moon,2013,Action,Nintendo,1.39,4.58
Splatoon,2015,Shooter,Nintendo,1.15,4.57
The Last of Us,2014,Action,Sony Computer Entertainment,1.87,4.55
Guitar Hero III: Legends of Rock,2007,Misc,Activision,0.92,4.53
Madden NFL 2005,2004,Sports,Electronic Arts,0.26,4.53
Pitfall!,1981,Platform,Activision,0.24,4.5
Madden NFL 07,2006,Sports,Electronic Arts,0.24,4.49
Spider-Man: The Movie,2002,Action,Activision,1.51,4.48
Dragon Quest VII: Warriors of Eden,2000,Role-Playing,Enix Corporation,0.14,4.47
Uncharted: The Nathan Drake Collection,2015,Action,Sony Computer Entertainment,1.69,4.47
Call of Duty: Advanced Warfare,2014,Shooter,Activision,1.94,4.45
God of War,2005,Action,Sony Computer Entertainment,1.29,4.45
Nintendo Land,2012,Misc,Nintendo,1.11,4.44
Michael Jackson: The Experience,2010,Misc,Ubisoft,1.35,4.42
Tony Hawk's Pro Skater 3,2001,Sports,Activision,1.29,4.41
Winning Eleven: Pro Evolution Soccer 2007,2006,Sports,Konami Digital Entertainment,2.39,4.39
The Elder Scrolls IV: Oblivion,2006,Role-Playing,Take-Two Interactive,1.05,4.39
Zelda II: The Adventure of Link,1987,Adventure,Nintendo,0.5,4.38
Need for Speed: Most Wanted,2005,Racing,Electronic Arts,1.79,4.37
Resistance: Fall of Man,2006,Shooter,Sony Computer Entertainment,1.73,4.35
Sonic the Hedgehog,1991,Platform,Sega,0.91,4.34
Kingdom Hearts II,2005,Role-Playing,Square Enix,0.58,4.33
FIFA 14,2013,Sports,Electronic Arts,2.93,4.31
Call of Duty: Advanced Warfare,2014,Shooter,Activision,1.18,4.31
Asteroids,1980,Shooter,Atari,0.26,4.31
Fable II,2008,Role-Playing,Microsoft Game Studios,1.27,4.31
Halo 5: Guardians,2015,Shooter,Microsoft Game Studios,1.2,4.26
Super Mario 3D World,2013,Platform,Nintendo,1.11,4.25
Batman: Arkham Asylum,2009,Action,Eidos Interactive,1.34,4.25
Assassin's Creed: Revelations,2011,Action,Ubisoft,2.02,4.24
Namco Museum,2001,Misc,Namco Bandai Games,1.11,4.24
Metal Gear Solid 3: Snake Eater,2004,Action,Konami Digital Entertainment,0,4.23
Daxter,2006,Platform,Sony Computer Entertainment,1.02,4.22
Warcraft II: Tides of Darkness,1995,Strategy,Activision,2.27,4.21
The Legend of Zelda: Ocarina of Time,2011,Action,Nintendo,1.27,4.21
FIFA Soccer 06,2005,Sports,Electronic Arts,2.55,4.21
EyeToy Play,2003,Misc,Sony Computer Entertainment,2.3,4.2
Uncharted 4: A Thief's End,2016,Shooter,Sony Computer Entertainment,2.07,4.2
Gran Turismo 5 Prologue,2007,Racing,Sony Computer Entertainment,1.83,4.2
Assassin's Creed: Revelations,2011,Action,Ubisoft,1.47,4.19
Street Fighter IV,2009,Fighting,Capcom,1.06,4.19
FIFA 12,2011,Sports,Electronic Arts,2.79,4.19
Teenage Mutant Ninja Turtles,1989,Action,Palcom,0.44,4.17
Excitebike,1984,Racing,Nintendo,0.48,4.16
Frogger,1997,Action,Hasbro Interactive,0.27,4.16
Madden NFL 2003,2002,Sports,Electronic Arts,0.21,4.14
Watch Dogs,2014,Action,Ubisoft,1.86,4.14
Half-Life,1997,Shooter,Vivendi Games,0,4.12
Super Mario World 2: Yoshi's Island,1995,Platform,Nintendo,0.61,4.12
FIFA Soccer 07,2006,Sports,Electronic Arts,2.48,4.11
The Legend of Zelda: Skyward Sword,2011,Action,Nintendo,1.2,4.1
Street Fighter II Turbo,1992,Fighting,Capcom,0.51,4.1
Carnival Games,2007,Misc,Take-Two Interactive,1.5,4.1
Fallout 4,2015,Role-Playing,Bethesda Softworks,1.26,4.09
World of Warcraft: The Burning Crusade,2007,Role-Playing,Activision,1.52,4.09
Fallout: New Vegas,2010,Role-Playing,Bethesda Softworks,1.06,4.08
God of War II,2007,Action,Sony Computer Entertainment,0.04,4.07
Forza Motorsport 2,2007,Racing,Microsoft Game Studios,1.28,4.06
World Soccer Winning Eleven 9,2005,Sports,Konami Digital Entertainment,2.26,4.06
Namco Museum Vol.3,1996,Misc,Sony Computer Entertainment,1.55,4.05
Tekken Tag Tournament,2000,Fighting,Namco Bandai Games,1.51,4.05
Far Cry 4,2014,Shooter,Ubisoft,2.12,4.03
Star Fox 64,1997,Shooter,Nintendo,0.58,4.03
Minecraft,2014,Misc,Sony Computer Entertainment Europe,1.87,4.02
Golf,1984,Sports,Nintendo,0.28,4.01
Fallout 3,2008,Role-Playing,Bethesda Softworks,1.2,4.01
Professor Layton and the Diabolical Box,2007,Puzzle,Nintendo,1.78,4
Left 4 Dead 2,2009,Shooter,Electronic Arts,0.89,3.99
Namco Museum: 50th Anniversary,2005,Misc,Namco Bandai Games,1.35,3.98
EA Sports Active,2009,Sports,Electronic Arts,1.36,3.92
Assassin's Creed: Unity,2014,Action,Ubisoft,1.96,3.92
Donkey Kong Land,1994,Platform,Nintendo,0.76,3.91
Tony Hawk's Underground,2003,Sports,Activision,1.17,3.9
Assassin's Creed IV: Black Flag,2013,Action,Ubisoft,1.71,3.89
Monster Hunter 4 Ultimate,2014,Role-Playing,Nintendo,0.49,3.89
MotorStorm,2006,Racing,Sony Computer Entertainment,1.61,3.88
The Elder Scrolls V: Skyrim,2011,Role-Playing,Bethesda Softworks,2.09,3.88
Tekken 5,2005,Fighting,Namco Bandai Games,1.94,3.87
Dragon Warrior III,1988,Role-Playing,Enix Corporation,0,3.87
Sports Champions,2010,Sports,Sony Computer Entertainment,1.14,3.87
NBA 2K16,2015,Sports,Take-Two Interactive,0.65,3.85
World Soccer Winning Eleven 8 International,2004,Sports,Konami Digital Entertainment,1.89,3.85
Flash Focus: Vision Training in Minutes a Day,2007,Misc,Nintendo,1.57,3.84
Namco Museum Vol.1,1995,Misc,Sony Computer Entertainment,1.44,3.84
The Legend of Zelda: Link's Awakening,1992,Action,Nintendo,0.96,3.83
Mario & Luigi: Bowser's Inside Story,2009,Role-Playing,Nintendo,0.48,3.83
Big Brain Academy: Wii Degree,2007,Misc,Nintendo,1.93,3.82
Nintendogs + cats,2011,Simulation,Nintendo,1.37,3.81
Batman: Arkham Knight,2015,Action,Warner Bros. Interactive Entertainment,1.58,3.79
Mario & Sonic at the London 2012 Olympic Games,2011,Sports,Sega,1.91,3.78
LEGO Indiana Jones: The Original Adventures,2008,Action,Activision,1.03,3.78
Resident Evil Director's Cut,1996,Action,Virgin Interactive,1.24,3.77
Ratchet & Clank: Size Matters,2007,Platform,Sony Computer Entertainment,1.4,3.77
Just Dance 2014,2013,Misc,Ubisoft,1.47,3.76
The Sims: Unleashed,2002,Simulation,Electronic Arts,1.56,3.76
Super Paper Mario,2007,Platform,Nintendo,0.88,3.76
Harry Potter and the Sorcerer's Stone,2001,Action,Electronic Arts,2,3.73
The Witcher 3: Wild Hunt,2015,Role-Playing,Namco Bandai Games,2,3.73
Resident Evil 3: Nemesis,1999,Action,Eidos Interactive,0.77,3.72
Spyro: Year of the Dragon,2000,Platform,Sony Computer Entertainment,1.58,3.71
FIFA Soccer 2005,2004,Sports,Electronic Arts,2.48,3.7
Pokémon Trading Card Game,1998,Strategy,Nintendo,0.73,3.7
Battlefield 4,2013,Shooter,Electronic Arts,1.51,3.69
MySims,2007,Simulation,Electronic Arts,1.61,3.69
Friend Collection,2009,Misc,Nintendo,0,3.67
Tony Hawk's Pro Skater 4,2002,Sports,Activision,1.18,3.67
Midnight Club 3: DUB Edition,2005,Racing,Take-Two Interactive,1.22,3.66
Banjo-Kazooie,1998,Platform,Nintendo,1.13,3.65
SOCOM: U.S. Navy SEALs,2002,Shooter,Sony Computer Entertainment,0.81,3.65
Guitar Hero: World Tour,2008,Misc,Activision,0.97,3.65
Gran Turismo 6,2013,Racing,Sony Computer Entertainment,1.8,3.64
Jak and Daxter: The Precursor Legacy,2001,Platform,Sony Computer Entertainment,1.09,3.64
Pokemon Snap,1999,Simulation,Nintendo,0.68,3.63
FIFA Soccer 10,2009,Sports,Electronic Arts,2.46,3.63
Pro Evolution Soccer 2008,2007,Sports,Konami Digital Entertainment,0,3.63
Call of Duty: Ghosts,2013,Shooter,Activision,1.42,3.63
Resident Evil 4,2005,Action,Capcom,0.83,3.62
Tom Clancy's The Division,2016,Shooter,Ubisoft,1.61,3.61
Star Wars: Battlefront,2004,Shooter,LucasArts,1.22,3.61
Doom II: Hell on Earth,1994,Shooter,Virgin Interactive,1.4,3.61
The Simpsons: Road Rage,2001,Racing,Electronic Arts,1.17,3.61
Cooking Mama 2: Dinner With Friends,2007,Simulation,505 Games,1.5,3.61
Luigi's Mansion,2001,Action,Nintendo,0.67,3.6
Star Wars: Battlefront II,2005,Shooter,LucasArts,1.02,3.59
WWF SmackDown!,2000,Fighting,THQ,1.35,3.58
Croc: Legend of the Gobbos,1997,Platform,Fox Interactive,1.79,3.56
Grand Theft Auto: Liberty City Stories,2006,Action,Take-Two Interactive,1.4,3.54
The Getaway,2002,Action,Sony Computer Entertainment,1.77,3.54
Tomb Raider III: Adventures of Lara Croft,1997,Action,Eidos Interactive,1.58,3.54
James Bond 007: Agent Under Fire,2001,Shooter,Electronic Arts,1.13,3.53
LEGO Star Wars: The Video Game,2005,Action,Eidos Interactive,1.14,3.53
Battlefield 4,2013,Shooter,Electronic Arts,1.08,3.53
FIFA Soccer 11,2010,Sports,Electronic Arts,2.4,3.53
Rugrats in Paris: The Movie,2000,Action,THQ,1.33,3.52
Spyro 2: Ripto's Rage!,1999,Platform,Sony Computer Entertainment,1.21,3.52
Left 4 Dead,2008,Shooter,Electronic Arts,0.5,3.52
Mario & Sonic at the Olympic Winter Games,2009,Sports,Sega,1.66,3.52
Resident Evil 5,2009,Action,Capcom,0.94,3.51
Donkey Kong Country 3: Dixie Kong's Double Trouble!,1996,Platform,Nintendo,0.5,3.51
Assassin's Creed: Brotherhood,2010,Action,Ubisoft,0.39,3.5
Kung Fu,1985,Action,Nintendo,0.38,3.5
Batman: Arkham Asylum,2009,Action,Eidos Interactive,0.97,3.5
Clubhouse Games,2006,Misc,Nintendo,1.83,3.5
FIFA Soccer 2004,N/A,Sports,Electronic Arts,2.36,3.49
Star Wars Battlefront (2015),2015,Shooter,Electronic Arts,1.22,3.49
Battlefield: Bad Company 2,2010,Shooter,Electronic Arts,1.02,3.48
Guitar Hero: On Tour,2008,Misc,Activision,1.01,3.48
Assassin's Creed: Unity,2014,Action,Ubisoft,0.89,3.46
Far Cry 3,2012,Shooter,Ubisoft,1.75,3.45
Monster Hunter 4,2013,Role-Playing,Capcom,0,3.44
Borderlands,2009,Shooter,Take-Two Interactive,0.73,3.44
Tekken 4,2002,Fighting,Namco Bandai Games,1.27,3.44
Battlefield 4,2013,Shooter,Electronic Arts,1.54,3.43
LittleBigPlanet 2,2011,Platform,Sony Computer Entertainment,1.07,3.42
Grand Theft Auto 2,1998,Action,Take-Two Interactive,2.07,3.42
Final Fantasy III,1994,Role-Playing,SquareSoft,0,3.42
Spider-Man 2,2004,Action,Activision,1.2,3.41
F-1 Race,1990,Racing,Nintendo,0.69,3.41
FIFA Soccer 2003,2002,Sports,Electronic Arts,2.28,3.4
Crash Bash,2000,Misc,Sony Computer Entertainment,1.47,3.39
LEGO Batman: The Videogame,2008,Action,Warner Bros. Interactive Entertainment,1.03,3.38
Metal Gear Solid V: The Phantom Pain,2015,Action,Konami Digital Entertainment,1.35,3.38
The Legend of Zelda: Spirit Tracks,2009,Action,Nintendo,0.94,3.38
WWF War Zone,1998,Fighting,Acclaim Entertainment,0.76,3.36
The Legend of Zelda: Majora's Mask,2000,Action,Nintendo,0.67,3.36
Professor Layton and the Unwound Future,2008,Puzzle,Nintendo,1.61,3.36
Rugrats: Search For Reptar,1998,Adventure,THQ,1.53,3.34
Assassin's Creed IV: Black Flag,2013,Action,Ubisoft,1.14,3.34
English Training: Have Fun Improving Your Skills!,2006,Misc,Nintendo,0.99,3.33
James Bond 007: Nightfire,2002,Shooter,Electronic Arts,1.29,3.33
Ratchet & Clank,2002,Platform,Sony Computer Entertainment,1.01,3.33
Mario Party 9,2012,Misc,Nintendo,1.17,3.32
Star Wars Episode III: Revenge of the Sith,2005,Action,LucasArts,1.39,3.32
Max Payne,2001,Shooter,Take-Two Interactive,1.05,3.31
The Lord of the Rings: The Return of the King,2003,Action,Electronic Arts,1.28,3.28
Assassin's Creed Syndicate,2015,Action,Ubisoft,1.92,3.28
Destiny,2014,Shooter,Activision,0.92,3.28
True Crime: Streets of LA,2003,Action,Activision,1.05,3.27
Wii Music,2008,Misc,Nintendo,1.13,3.27
Gran Turismo (PSP),2009,Racing,Sony Computer Entertainment,1.59,3.27
Monster Hunter X,2015,Action,Capcom,0.19,3.26
Tekken,1995,Fighting,Sony Computer Entertainment,1.3,3.24
FIFA 16,2015,Sports,Electronic Arts,2.11,3.23
L.A. Noire,2011,Adventure,Take-Two Interactive,1.33,3.23
Madden NFL 16,2015,Sports,Electronic Arts,0.3,3.22
Yokai Watch 2 Ganso/Honke,2014,Role-Playing,Nintendo,0,3.22
007: Tomorrow Never Dies,1999,Shooter,Electronic Arts,1.33,3.21
Baseball,1983,Sports,Nintendo,0.1,3.2
Killer Instinct,1995,Fighting,Nintendo,0.72,3.2
WWF SmackDown! 2: Know Your Role,2000,Fighting,THQ,1.21,3.2
Crisis Core: Final Fantasy VII,2007,Role-Playing,Square Enix,0.6,3.19
God of War: Chains of Olympus,2008,Action,Sony Computer Entertainment,1.01,3.19
Dragon Quest VI: Maboroshi no Daichi,1995,Role-Playing,Enix Corporation,0,3.19
Dance Central,2010,Misc,MTV Games,0.77,3.19
Enter the Matrix,2003,Action,Atari,1.12,3.18
Super Mario Maker,2015,Platform,Nintendo,0.87,3.18
Fallout: New Vegas,2010,Role-Playing,Bethesda Softworks,1.08,3.17
LEGO Batman: The Videogame,N/A,Action,Warner Bros. Interactive Entertainment,1.02,3.17
Rhythm Heaven,2008,Misc,Nintendo,0.51,3.17
Ace Combat 04: Shattered Skies,2001,Simulation,Sony Computer Entertainment Europe,0.56,3.17
Club Penguin: Elite Penguin Force,2008,Adventure,Disney Interactive Studios,0.98,3.16
Animal Crossing,2001,Simulation,Nintendo,0.16,3.15
LEGO Batman: The Videogame,2008,Action,Warner Bros. Interactive Entertainment,1.06,3.15
Sonic Rush,2005,Platform,Sega,1.57,3.15
Resident Evil 6,2012,Shooter,Capcom,0.97,3.15
Halo: The Master Chief Collection,2014,Shooter,Microsoft Game Studios,0.99,3.15
FIFA Soccer 08,2007,Sports,Electronic Arts,0,3.14
Spider-Man,2000,Action,Activision,1.25,3.13
Need for Speed III: Hot Pursuit,1998,Racing,Electronic Arts,0.86,3.12
Star Wars Episode I Racer,1999,Racing,Nintendo,0.62,3.12
Personal Trainer: Cooking,2006,Misc,Nintendo,1,3.12
The Elder Scrolls IV: Oblivion,2007,Role-Playing,Ubisoft,0.87,3.12
Dragon Warrior IV,1990,Role-Playing,Enix Corporation,0,3.12
Heavy Rain,2010,Adventure,Sony Computer Entertainment,1.27,3.12
Mass Effect 2,2010,Role-Playing,Electronic Arts,0.82,3.11
FIFA 15,2014,Sports,Electronic Arts,2.02,3.11
Dragon Ball Z: Budokai,2002,Fighting,Atari,0.28,3.09
Madden NFL 2002,2001,Sports,Electronic Arts,0.16,3.08
World Class Track Meet,1986,Sports,Namco Bandai Games,0.45,3.08
Borderlands 2,2012,Shooter,Take-Two Interactive,0.91,3.07
The Legend of Zelda: A Link Between Worlds,2013,Action,Nintendo,0.99,3.07
Donkey Kong,1994,Platform,Nintendo,0.62,3.07
The Sims: Vacation,2002,Simulation,Electronic Arts,1.21,3.07
Mass Effect 3,2012,Role-Playing,Electronic Arts,0.86,3.07
Kung Fu Panda,2008,Action,Activision,0.84,3.05
Far Cry 3,2012,Shooter,Ubisoft,1.35,3.04
Epic Mickey,2010,Platform,Disney Interactive Studios,0.64,3.04
Saints Row 2,2008,Action,THQ,0.8,3.03
Rayman,1995,Platform,Ubisoft,1.33,3.03
Killzone 2,2009,Shooter,Sony Computer Entertainment,1.07,3.02
Tom Clancy's Splinter Cell,2002,Action,Ubisoft,1.04,3.02
Mike Tyson's Punch-Out!!,1987,Fighting,Nintendo,0.47,3.02
WWE SmackDown! Shut Your Mouth,2002,Sports,THQ,1.13,3.02
Gears of War: Ultimate Edition,2015,Shooter,Microsoft Game Studios,0.32,3
NBA 2K13,2012,Sports,Take-Two Interactive,0.21,3
Dragon Ball Z: Budokai Tenkaichi 3,2007,Fighting,Atari,0,3
wwe Smackdown vs. Raw 2006,N/A,Fighting,N/A,1.02,3
Middle-Earth: Shadow of Mordor,2014,Action,Warner Bros. Interactive Entertainment,1.41,2.99
Star Fox,1993,Shooter,Nintendo,0.51,2.99
The Sims: Livin Large,2000,Misc,Electronic Arts,1.18,2.99
World Soccer Winning Eleven 6 International,2002,Sports,Konami Digital Entertainment,1.26,2.99
Devil May Cry,2001,Action,Capcom,0.86,2.99
Animal Crossing: Happy Home Designer,2015,Simulation,Nintendo,1,2.98
Battlefield: Bad Company 2,2010,Shooter,Electronic Arts,1.12,2.97
The Sims 4,2014,Simulation,Electronic Arts,1.72,2.97
Star Wars: The Old Republic,2011,Role-Playing,Electronic Arts,1.01,2.97
Sonic Heroes,2003,Platform,Sega,1.37,2.96
Kirby Super Star Ultra,2008,Platform,Nintendo,0.04,2.96
Hitman 2: Silent Assassin,2002,Action,Eidos Interactive,1.15,2.96
Street Fighter IV,2009,Fighting,Capcom,0.71,2.95
Wave Race 64,1996,Racing,Nintendo,0.58,2.94
SOCOM II: U.S. Navy SEALs,2003,Shooter,Sony Computer Entertainment,0.51,2.94
WWE SmackDown! vs. RAW 2006,2005,Fighting,THQ,1.11,2.94
inFAMOUS,2009,Action,Sony Computer Entertainment,0.69,2.94
Pac-Man Collection,2001,Puzzle,Atari,0.77,2.94
Mass Effect,2007,Role-Playing,Microsoft Game Studios,0.8,2.93
WarioWare: Smooth Moves,2006,Puzzle,Nintendo,1.06,2.92
Cooking Mama: Cook Off,2007,Simulation,505 Games,1.13,2.91
Super Mario World 2: Yoshi's Island,2002,Platform,Nintendo,0.45,2.91
FIFA 14,2013,Sports,Electronic Arts,1.85,2.9
Titanfall,2014,Shooter,Electronic Arts,0.8,2.9
Sonic Mega Collection Plus,2004,Misc,Sega,1.14,2.9
Sega Superstars Tennis,2008,Sports,Sega,0.86,2.9
World Soccer Winning Eleven 7 International,2003,Sports,Konami Digital Entertainment,1.24,2.9
Need for Speed: Most Wanted,2012,Racing,Electronic Arts,1.51,2.89
Hot Shots Golf 3,2001,Sports,Sony Computer Entertainment,0.32,2.89
Call of Duty: Finest Hour,2004,Shooter,Activision,1.12,2.89
Zumba Fitness 2,2011,Sports,Majesco Entertainment,1.07,2.88
Syphon Filter,1999,Shooter,Sony Computer Entertainment,0.72,2.88
Imagine: Babyz,2007,Simulation,Ubisoft,1.27,2.88
Colin McRae Rally,1998,Racing,Codemasters,2.43,2.87
Call of Duty: Ghosts,2013,Shooter,Activision,0.77,2.86
Madden NFL 13,2012,Sports,Electronic Arts,0.16,2.86
The Elder Scrolls III: Morrowind,2002,Role-Playing,Ubisoft,0.63,2.86
Mortal Kombat,2011,Fighting,Warner Bros. Interactive Entertainment,0.55,2.85
F-Zero,1990,Racing,Nintendo,0.51,2.85
Yoshi's Story,1997,Platform,Nintendo,0.53,2.85
Command & Conquer: Red Alert,1996,Strategy,Virgin Interactive,1.34,2.85
Skylanders: Spyro's Adventure,2011,Action,Activision,1.14,2.85
FIFA 16,2015,Sports,Electronic Arts,1.98,2.85
Assassin's Creed: Brotherhood,2010,Action,Ubisoft,0.57,2.84
BioShock,2007,Shooter,Take-Two Interactive,0.86,2.83
Madden NFL 10,2009,Sports,Electronic Arts,0.09,2.83
Medal of Honor,2010,Shooter,Electronic Arts,1.05,2.83
WWE SmackDown! vs. Raw,2002,Fighting,THQ,1.08,2.83
Metroid Prime,2002,Shooter,Nintendo,0.67,2.82
Finding Nemo,2003,Action,THQ,1.05,2.82
Myst,1994,Adventure,Red Orb,2.79,2.81
Need for Speed: Hot Pursuit,2010,Racing,Electronic Arts,1.25,2.81
Imagine: Fashion Designer,2007,Simulation,Ubisoft,1.19,2.81
WWE SmackDown! Here Comes the Pain,2003,Fighting,THQ,1.06,2.8
Star Wars: The Force Unleashed,2008,Action,LucasArts,0.8,2.8
Yoshi's Island DS,2006,Platform,Nintendo,0.07,2.8
Hot Shots Golf,1997,Sports,Sony Computer Entertainment,0.2,2.79
Killzone 3,2011,Shooter,Sony Computer Entertainment,0.88,2.79
A Bug's Life,1998,Platform,Sony Computer Entertainment,0.72,2.79
WWF SmackDown! Just Bring It,2001,Fighting,THQ,1.15,2.79
Dragon Quest V: Tenkuu no Hanayome,1992,Role-Playing,Enix Corporation,0,2.79
Mortal Kombat Trilogy,1996,Fighting,GT Interactive,0.7,2.79
Battlefield 3,2011,Shooter,Electronic Arts,1.43,2.79
NBA Street,2001,Sports,Electronic Arts,0.22,2.79
Professor Layton and the Last Specter,2009,Puzzle,Nintendo,1.47,2.79
Monster Hunter Tri,2011,Role-Playing,Nintendo,0.29,2.79
Jak II,2003,Platform,Sony Computer Entertainment,0.74,2.78
inFAMOUS: Second Son,2014,Action,Sony Computer Entertainment,0.97,2.78
Ratchet & Clank: Going Commando,2003,Platform,Sony Computer Entertainment,0.83,2.78
Tekken 6,2009,Fighting,Namco Bandai Games,0.98,2.78
The Sims,2003,Simulation,Electronic Arts,1.12,2.77
Sonic and the Secret Rings,2007,Platform,Sega,1.2,2.77
Saints Row: The Third,2011,Action,THQ,1.15,2.77
Missile Command,1980,Shooter,Atari,0.17,2.76
Mario Paint,1992,Misc,Nintendo,0.54,2.75
Assassin's Creed IV: Black Flag,2013,Action,Ubisoft,1.31,2.74
Pokémon Stadium 2,2000,Strategy,Nintendo,0.36,2.73
Metroid,1986,Action,Nintendo,0.31,2.73
L.A. Noire,2011,Adventure,Take-Two Interactive,0.94,2.72
Call of Duty 3,2006,Shooter,Activision,0.93,2.71
The Legend of Zelda: A Link to the Past,2002,Action,Nintendo,0.52,2.7
Onimusha: Warlords,2001,Action,Virgin Interactive,0.48,2.7
Mortal Kombat X,2015,Fighting,Warner Bros. Interactive Entertainment,0.76,2.7
Mario Party,1998,Misc,Nintendo,0.53,2.7
Madden NFL 12,2011,Sports,Electronic Arts,0.11,2.69
LEGO Star Wars II: The Original Trilogy,2006,Action,LucasArts,0.64,2.69
Madden NFL 11,2010,Sports,Electronic Arts,0.12,2.69
Mario vs. Donkey Kong: Mini-Land Mayhem!,2010,Puzzle,Nintendo,0.52,2.69
Skate 3,2010,Sports,Electronic Arts,0.98,2.68
Burnout 3: Takedown,2004,Racing,Electronic Arts,1.11,2.68
Yokai Watch 2 Shinuchi,2014,Role-Playing,Level 5,0,2.68
Need for Speed: Shift,2009,Racing,Electronic Arts,1.41,2.68
Final Fantasy XIII-2,2011,Role-Playing,Square Enix,0.75,2.68
Mortal Kombat,1992,Fighting,Arena Entertainment,0.63,2.67
Call Of Duty 2: Big Red One,2005,Shooter,Activision,0.92,2.67
Guitar Hero: World Tour,2008,Misc,Activision,0.64,2.67
Medal of Honor,1998,Shooter,Electronic Arts,1.09,2.67
Fable,2004,Role-Playing,Microsoft Game Studios,0.58,2.66
Hannah Montana,2006,Action,Disney Interactive Studios,0.8,2.65
Tom Clancy's Splinter Cell,2003,Action,Ubisoft,1.11,2.65
Skylanders Giants,2012,Action,Activision,0.88,2.65
Medal of Honor Heroes,2006,Shooter,Electronic Arts,1.11,2.65
Super Mario Bros.: The Lost Levels,1986,Platform,Nintendo,0,2.65
Star Wars: Shadows of the Empire,1996,Action,Nintendo,0.5,2.65
LEGO Star Wars: The Complete Saga,2007,Action,LucasArts,0.87,2.64
Midnight Club: Street Racing,2000,Racing,Take-Two Interactive,0.47,2.63
Pac-Man: Adventures in Time,2006,Fighting,Sony Computer Entertainment,1.1,2.63
Halo Wars,2009,Strategy,Microsoft Game Studios,0.82,2.63
God of War Collection,2009,Action,Sony Computer Entertainment,0.46,2.63
ESPN NFL 2K5,2004,Sports,Sega,0.12,2.62
Mario Strikers Charged,2007,Sports,Nintendo,1.06,2.62
Medal of Honor,2010,Shooter,Electronic Arts,0.81,2.62
FIFA Soccer 10,2009,Sports,Electronic Arts,1.79,2.62
NBA 2K12,2011,Sports,Take-Two Interactive,0.14,2.62
Style Savvy,2008,Simulation,Nintendo,0.84,2.61
Harry Potter and the Chamber of Secrets,2002,Action,Electronic Arts,1.22,2.61
Super Mario All-Stars: Limited Edition,2010,Platform,Nintendo,0.52,2.6
Streets of Rage,1990,Action,Sega,0.55,2.6
FIFA Soccer 09,2008,Sports,Electronic Arts,1.63,2.59
Ratchet & Clank Future: Tools of Destruction,2007,Platform,Sony Computer Entertainment,1.12,2.59
NBA Live 2005,2004,Sports,Electronic Arts,0.21,2.59
LittleBigPlanet,2009,Platform,Sony Computer Entertainment,1.24,2.58
Killzone: Shadow Fall,2013,Shooter,Sony Computer Entertainment,1.33,2.58
Ghostbusters: The Video Game (DS Version),2009,Action,Take-Two Interactive,1.24,2.58
Monster Hunter Freedom 2,2007,Role-Playing,Capcom,0.27,2.58
WWE SmackDown vs. RAW 2007,2006,Fighting,THQ,0.88,2.58
Ratchet & Clank: Up Your Arsenal,2004,Platform,Sony Computer Entertainment,0.74,2.57
Art Academy,2010,Misc,Nintendo,1.68,2.57
Dragon Age: Origins,2009,Role-Playing,Electronic Arts,0.56,2.57
Madden NFL 08,2007,Sports,Electronic Arts,0.08,2.57
Sonic Adventure 2 Battle,2001,Platform,Sega,0.59,2.56
Dragon Warrior II,1987,Role-Playing,Enix Corporation,0,2.56
Madden NFL 13,2012,Sports,Electronic Arts,0.23,2.56
Pokémon Colosseum,2003,Role-Playing,Nintendo,0.57,2.54
Deca Sports,2008,Sports,Konami Digital Entertainment,0.87,2.54
Madden NFL 09,2008,Sports,Electronic Arts,0.12,2.54
Space Invaders,N/A,Shooter,Atari,0.14,2.53
Crazy Taxi,2001,Racing,Acclaim Entertainment,1.12,2.52
Perfect Dark,2000,Action,Nintendo,0.75,2.52
Game Party,2007,Misc,Midway Games,0.78,2.52
Dragon Warrior,1986,Role-Playing,Capcom,0,2.52
Tomb Raider (2013),2013,Action,Square Enix,1.31,2.51
Marvel: Ultimate Alliance,2006,Role-Playing,Activision,0.02,2.5
PES 2009: Pro Evolution Soccer,2008,Sports,Konami Digital Entertainment,0.07,2.5
Mario Party 2,1999,Misc,Nintendo,0.14,2.5
Saints Row: The Third,2011,Action,THQ,1.06,2.49
Rockstar Games Double Pack: Grand Theft Auto III & Grand Theft Auto Vice City,2003,Action,Take-Two Interactive,0.56,2.49
LEGO Harry Potter: Years 1-4,2010,Action,Warner Bros. Interactive Entertainment,0.97,2.49
Mortal Kombat: Deadly Alliance,2002,Fighting,Midway Games,0.52,2.49
Resistance 2,2008,Shooter,Sony Computer Entertainment,0.85,2.48
Pure,2008,Racing,Disney Interactive Studios,0.85,2.48
Tomb Raider: The Last Revelation,1998,Action,Eidos Interactive,1.14,2.48
NBA 2K13,2012,Sports,Take-Two Interactive,0.44,2.48
Rock Band,N/A,Misc,Electronic Arts,0.34,2.48
NBA 2K14,2013,Sports,Take-Two Interactive,0.2,2.47
Mario Party 4,2002,Misc,Nintendo,0.36,2.47
uDraw Studio,2010,Misc,THQ,0.58,2.46
Midnight Club: Los Angeles,2008,Racing,Take-Two Interactive,0.54,2.45
Final Fantasy V,1992,Role-Playing,SquareSoft,0,2.45
Final Fantasy Tactics,1997,Role-Playing,SquareSoft,0.12,2.45
Twisted Metal 2,1996,Racing,Sony Computer Entertainment,0.25,2.44
Halo: Combat Evolved Anniversary,2011,Shooter,Microsoft Game Studios,0.73,2.44
Need for Speed Carbon: Own the City,2006,Racing,Electronic Arts,0.98,2.44
The Sims: Bustin' Out,2003,Simulation,Electronic Arts,1.19,2.43
Riven: The Sequel to Myst,1997,Adventure,Red Orb,0.82,2.43
Tom Clancy's Rainbow Six: Vegas 2,2008,Shooter,Ubisoft,0.61,2.42
Sonic Adventure,1998,Platform,Sega,0.61,2.42
Ice Hockey,1988,Sports,Nintendo,0.32,2.42
pro evolution soccer 2011,2010,Sports,Konami Digital Entertainment,1.18,2.42
Dragon Ball Z: Budokai 2,2003,Fighting,Atari,0.22,2.41
ATV Offroad Fury,2001,Racing,Sony Computer Entertainment,0.26,2.41
Dino Crisis,1998,Action,Capcom,0.76,2.41
Minecraft,2014,Misc,Microsoft Game Studios,0.76,2.41
Need for Speed: ProStreet,2007,Racing,Electronic Arts,0,2.41
Madden NFL 16,2015,Sports,Electronic Arts,0.08,2.4
Tetris Plus,1996,Puzzle,JVC,0.24,2.4
Pro Wrestling,1987,Fighting,Nintendo,0.18,2.4
Theme Hospital,1997,Strategy,Electronic Arts,0.1,2.4
Frogger's Adventures: Temple of the Frog,N/A,Adventure,Konami Digital Entertainment,0.18,2.39
Need for Speed (2015),2015,Racing,Electronic Arts,1.49,2.39
Zumba Fitness,2010,Sports,505 Games,0.48,2.39
LEGO Indiana Jones: The Original Adventures,N/A,Action,LucasArts,0.63,2.39
Monopoly,1994,Misc,Hasbro Interactive,0.81,2.39
Batman: Arkham Origins,2013,Action,Warner Bros. Interactive Entertainment,0.87,2.39
Dead Island,2011,Action,Deep Silver,0.71,2.39
Guitar Hero,2005,Misc,RedOctane,0.61,2.38
LEGO Star Wars: The Complete Saga,2007,Action,LucasArts,0.97,2.38
Kinect: Disneyland Adventures,2011,Misc,Microsoft Game Studios,0.46,2.38
WCW/nWo Revenge,1998,Fighting,THQ,0.39,2.38
Bloodborne,2015,Action,Sony Computer Entertainment,0.76,2.38
NBA 2K15,2014,Sports,Take-Two Interactive,0.54,2.38
Madden NFL 11,2010,Sports,Electronic Arts,0.15,2.38
Yu-Gi-Oh! The Duelists of the Roses,2001,Misc,Konami Digital Entertainment,0.91,2.38
Madden NFL 08,2007,Sports,Electronic Arts,0.01,2.37
Half-Life 2,2004,Shooter,Vivendi Games,0.02,2.37
The Incredibles,2004,Action,THQ,1.08,2.37
Tony Hawk's Underground 2,2004,Sports,Activision,0.86,2.37
Madden NFL 10,2009,Sports,Electronic Arts,0.13,2.37
Kinect Sports: Season Two,2011,Sports,Microsoft Game Studios,0.74,2.36
Kirby's Dream Land 2,1995,Platform,Nintendo,0.14,2.36
LEGO Harry Potter: Years 1-4,2010,Action,Warner Bros. Interactive Entertainment,1.05,2.35
Donkey Kong Land II,1996,Platform,Nintendo,0.48,2.35
Dragon Warrior Monsters,1998,Role-Playing,Eidos Interactive,0,2.35
Midnight Club: Los Angeles,2008,Racing,Take-Two Interactive,0.46,2.35
Skylanders SWAP Force,2013,Platform,Activision,0.83,2.34
WWE SmackDown vs Raw 2008,2007,Fighting,THQ,0,2.34
My Fitness Coach,2008,Sports,Ubisoft,0.9,2.34
Resident Evil - Code: Veronica X,2001,Action,Capcom,0.7,2.34
The Sims 3,2010,Simulation,Electronic Arts,0.86,2.33
The Legend of Zelda: Majora's Mask 3D,2015,Action,Nintendo,0.54,2.32
NBA 2K16,2015,Sports,Take-Two Interactive,0.14,2.32
Just Dance Kids,2010,Misc,Ubisoft,0.56,2.32
Mario Tennis,2000,Sports,Nintendo,0.4,2.32
Grand Theft Auto,1997,Action,Take-Two Interactive,1.35,2.32
James Bond 007: Everything or Nothing,2004,Shooter,Electronic Arts,1.06,2.31
WarioWare Touched!,2004,Puzzle,Nintendo,0.45,2.31
Need For Speed: High Stakes,1999,Racing,Electronic Arts,0.64,2.31
Chrono Trigger,1995,Role-Playing,SquareSoft,0,2.31
Cool Boarders 3,1998,Sports,989 Studios,0.46,2.31
LEGO Marvel Super Heroes,2013,Action,Warner Bros. Interactive Entertainment,0.85,2.3
Guild Wars 2,2012,Action,NCSoft,1.06,2.3
Pokemon Ranger: Shadows of Almia,2008,Role-Playing,Nintendo,0.54,2.3
Dead Island,2011,Action,Deep Silver,0.75,2.29
Tomb Raider II,1997,Action,Eidos Interactive,1.25,2.29
God of War: Ascension,2013,Action,Sony Computer Entertainment,0.68,2.29
Need for Speed Underground 2,2004,Racing,Electronic Arts,0.8,2.28
Pro Evolution Soccer 2010,2009,Sports,Konami Digital Entertainment,1.27,2.28
Just Dance 2015,2014,Misc,Ubisoft,0.98,2.28
Yokai Watch Busters,2015,Action,Level 5,0,2.28
Mario Bros.,1983,Platform,Nintendo,0.12,2.28
FIFA Soccer 09,2008,Sports,Electronic Arts,0.07,2.28
Star Wars: The Force Unleashed,2008,Action,LucasArts,0.9,2.28
Borderlands 2,2012,Shooter,Take-Two Interactive,0.77,2.28
TOCA Touring Car Championship,1997,Racing,Codemasters,2,2.28
Paper Mario: Sticker Star,2012,Role-Playing,Nintendo,0.39,2.27
Sonic's Ultimate Genesis Collection,2009,Misc,Sega,0.62,2.27
Super Monkey Ball: Banana Blitz,2006,Misc,Sega,0.92,2.27
Kirby: Nightmare in Dream Land,2002,Platform,Nintendo,0.1,2.27
Wario Land 4,2001,Platform,Nintendo,0.73,2.26
Guitar Hero III: Legends of Rock,2007,Misc,Activision,0.54,2.26
Call of Duty 3,N/A,Shooter,Activision,0.84,2.26
Resident Evil 4,2007,Action,Capcom,0.57,2.26
Minecraft,2014,Misc,Sony Computer Entertainment Europe,0.79,2.25
Onimusha 2: Samurai's Destiny,2002,Adventure,Capcom,0.44,2.25
Cool Boarders 2,1997,Sports,UEP Systems,0.46,2.25
Paper Mario: The Thousand-Year Door,2004,Role-Playing,Nintendo,0.25,2.25
Madden NFL 12,2011,Sports,Electronic Arts,0.15,2.25
Monster Hunter Tri,2009,Role-Playing,Nintendo,0.41,2.25
Dissidia: Final Fantasy,2008,Fighting,Square Enix,0.51,2.25
Sonic Advance,2001,Platform,Sega,0.71,2.24
Spyro: Season of Ice,2001,Platform,Vivendi Games,0.83,2.23
Teenage Mutant Ninja Turtles II: The Arcade Game,1990,Action,Konami Digital Entertainment,0.25,2.23
LEGO Indiana Jones: The Original Adventures,2008,Action,Activision,0.61,2.23
Dance Dance Revolution X2,2009,Simulation,Konami Digital Entertainment,0.85,2.23
New Super Luigi U,2013,Platform,Nintendo,0.62,2.22
Prince of Persia: The Sands of Time,2003,Action,Ubisoft,1.03,2.22
Scribblenauts,2009,Puzzle,Warner Bros. Interactive Entertainment,0.32,2.22
The Legend of Zelda: Link's Awakening DX,1998,Adventure,Nintendo,0.63,2.22
Need for Speed: Hot Pursuit,2010,Racing,Electronic Arts,0.98,2.22
BioShock 2,2010,Shooter,Take-Two Interactive,0.55,2.21
Assassin's Creed IV: Black Flag,2013,Action,Ubisoft,0.55,2.21
Devil May Cry 3: Dante's Awakening Special Edition,2006,Action,Capcom,0.82,2.21
Rock Band 2,2008,Misc,Electronic Arts,0.24,2.2
Frogger,1981,Action,Parker Bros.,0.12,2.2
Guitar Hero II,2007,Misc,Activision,0.02,2.2
Wario Land 3,2000,Platform,Nintendo,0.51,2.2
Pro Yakyuu Family Stadium,1986,Sports,Namco Bandai Games,0,2.2
Sonic Unleashed,2008,Platform,Sega,0.68,2.2
High School Musical: Makin' the Cut!,2007,Puzzle,Disney Interactive Studios,0.91,2.2
Pro Evolution Soccer 2012,2011,Action,Konami Digital Entertainment,0.97,2.19
Saints Row,2006,Action,THQ,0.78,2.19
Star Wars: Knights of the Old Republic,2003,Role-Playing,Activision,0.44,2.19
Kirby's Pinball Land,1992,Misc,Nintendo,0.17,2.19
Donkey Kong Country,2000,Platform,Nintendo,0.72,2.19
Hitman: Absolution,2012,Action,Square Enix,1.07,2.19
Yu-Gi-Oh: Duel Monsters 4,2000,Role-Playing,Konami Digital Entertainment,0,2.18
ATV Offroad Fury 2,2002,Racing,THQ,0.2,2.18
Forza Motorsport 5,2013,Racing,Microsoft Game Studios,0.78,2.18
Madden NFL 25,2013,Sports,Electronic Arts,0.07,2.18
Pokemon Ranger,2006,Role-Playing,Nintendo,0.04,2.18
Mario & Luigi: Superstar Saga,2003,Role-Playing,Nintendo,0.17,2.17
Final Fantasy XIII,2010,Role-Playing,Square Enix,0.68,2.17
Star Wars: Rogue Squadron,1998,Simulation,Nintendo,0.46,2.17
Tennis,1984,Sports,Nintendo,0.11,2.17
The Sims: House Party,2001,Simulation,Electronic Arts,0.83,2.16
Your Shape featuring Jenny McCarthy,2009,Sports,Ubisoft,0.47,2.16
Syphon Filter 2,2000,Shooter,Sony Computer Entertainment,0.55,2.15
Tom Clancy's Rainbow Six: Siege,2015,Shooter,Ubisoft,1.16,2.15
Volleyball,1987,Sports,Nintendo,0.03,2.15
FIFA 15,2014,Sports,Electronic Arts,1.41,2.15
Call of Duty: Roads to Victory,2007,Shooter,Activision,1.03,2.14
Super Mario RPG: Legend of the Seven Stars,1996,Role-Playing,Nintendo,0,2.14
Mahjong,1983,Misc,Nintendo,0,2.14
R.C. Pro-Am,1988,Racing,Nintendo,0.38,2.14
SimCity 2000,1992,Simulation,Maxis,0.84,2.14
Demon Attack,1981,Shooter,Imagic,0.12,2.13
Dance Dance Revolution Extreme,2004,Simulation,Konami Digital Entertainment,0.81,2.13
Tetris DS,2006,Puzzle,Nintendo,0.07,2.13
Final Fantasy Tactics Advance,2003,Role-Playing,SquareSoft,0.37,2.13
Far Cry: Primal,2016,Action,Ubisoft,1.16,2.13
Toy Story 3: The Video Game,2010,Action,Disney Interactive Studios,0.97,2.12
Final Fantasy III,2006,Role-Playing,Square Enix,0.05,2.12
Kirby's Epic Yarn,2010,Platform,Nintendo,0.09,2.12
Project Gotham Racing,2001,Racing,Microsoft Game Studios,0.61,2.12
Golf,1989,Sports,Nintendo,0.33,2.12
NBA 2K12,2011,Sports,Take-Two Interactive,0.27,2.11
Borderlands,2009,Shooter,Take-Two Interactive,0.62,2.11
Tony Hawk's Pro Skater,2000,Sports,Activision,0.4,2.11
PES 2009: Pro Evolution Soccer,2008,Sports,Konami Digital Entertainment,1.34,2.11
Need for Speed: Hot Pursuit 2,2002,Racing,Electronic Arts,0.31,2.11
Mario Sports Mix,2010,Sports,Nintendo,0.45,2.11
Rock Band,N/A,Misc,MTV Games,0.56,2.11
Dynasty Warriors 4,2003,Action,Tecmo Koei,0.21,2.11
Mortal Kombat,2011,Fighting,Warner Bros. Interactive Entertainment,0.33,2.11
Parasite Eve,1998,Role-Playing,SquareSoft,0.07,2.1
Scooby-Doo! Night of 100 Frights,2002,Platform,THQ,0.72,2.1
Project Gotham Racing (JP weekly sales),2002,Action,Microsoft Game Studios,0.44,2.1
Need for Speed: Most Wanted 5-1-0,2005,Racing,Electronic Arts,0.13,2.1
Portal 2,2011,Shooter,Valve Software,0.51,2.1
Devil May Cry 3: Dante's Awakening,2005,Action,Capcom,0.63,2.09
Derby Stallion,1997,Sports,ASCII Entertainment,0,2.09
Dead Rising,2006,Action,Capcom,0.65,2.09
Finding Nemo,2003,Action,THQ,0.6,2.09
NBA 2K11,2010,Action,Take-Two Interactive,0.12,2.09
Wipeout: The Game,2009,Misc,Mindscape,0,2.09
The Sims 2: Pets,2006,Simulation,Electronic Arts,0.94,2.09
Battlefield: Hardline,2015,Shooter,Electronic Arts,0.93,2.09
Metal Gear Solid: Peace Walker,2010,Action,Konami Digital Entertainment,0.42,2.09
World of Warcraft: Cataclysm,2010,Role-Playing,Activision,0.32,2.08
Tetris Worlds,2002,Puzzle,THQ,0.71,2.08
Need For Speed: Undercover,2008,Racing,Electronic Arts,1.02,2.08
Dance Dance Revolution: Hottest Party,2007,Simulation,Konami Digital Entertainment,0.52,2.08
Mario Party 5,2003,Misc,Nintendo,0.33,2.08
Ghostbusters: The Video Game (DS Version),2010,Action,Take-Two Interactive,0.99,2.08
Sim Theme Park,1998,Strategy,Electronic Arts,0.04,2.08
Warcraft: Orcs & Humans,1994,Strategy,Activision,1.08,2.08
Skate 3,2010,Sports,Electronic Arts,0.94,2.08
Spec Ops: Airborne Commando,2002,Shooter,Take-Two Interactive,0.46,2.07
Kingdom Hearts: Birth by Sleep,2010,Role-Playing,Square Enix,0.42,2.07
UFC 2009 Undisputed,2009,Fighting,THQ,0.39,2.07
Dark Souls,2011,Role-Playing,Namco Bandai Games,0.54,2.07
Yu-Gi-Oh! The Eternal Duelist Soul,2001,Strategy,Konami Digital Entertainment,0.36,2.07
Need for Speed: ProStreet,2007,Racing,Electronic Arts,0.8,2.06
The Sims 3,2010,Simulation,Electronic Arts,0.97,2.06
Tom Clancy's Splinter Cell: Conviction,2010,Action,Ubisoft,0.63,2.06
Pokemon Mystery Dungeon: Red/Blue Rescue Team,2005,Role-Playing,Nintendo,0.52,2.06
The Incredibles,2004,Action,THQ,0.77,2.06
R4: Ridge Racer Type 4,1998,Racing,Namco Bandai Games,0.46,2.06
SoulCalibur II,2003,Fighting,Namco Bandai Games,0.62,2.06
Mario & Luigi: Dream Team,2013,Role-Playing,Nintendo,0.57,2.06
Need for Speed: ProStreet,2007,Racing,Electronic Arts,0.92,2.05
Carnival Games,2008,Misc,Take-Two Interactive,0.64,2.05
NBA 2K14,2013,Sports,Take-Two Interactive,0.33,2.05
Pokémon Mystery Dungeon: Blue Rescue Team,2005,Role-Playing,Nintendo,0.06,2.05
Sonic Mega Collection,2002,Misc,Infogrames,0.48,2.05
Diablo III,2013,Role-Playing,Activision,0.83,2.05
NBA Jam,1992,Sports,Arena Entertainment,0.25,2.05
PGR4 - Project Gotham Racing 4,2007,Racing,Microsoft Game Studios,1.29,2.05
Kingdom Hearts 358/2 Days,2009,Role-Playing,Square Enix,0.27,2.04
Dance Central 2,2011,Misc,Microsoft Game Studios,0.42,2.04
Rayman Raving Rabbids: TV Party,2008,Misc,Ubisoft,1.09,2.04
SOCOM: U.S. Navy SEALs: Combined Assault,2006,Shooter,Sony Computer Entertainment,0.02,2.04
Peter Jackson's King Kong: The Official Game of the Movie,2005,Action,Ubisoft,1.02,2.04
Donkey Kong Country,2003,Platform,Nintendo,0.48,2.04
Need for Speed: The Run,2011,Action,Electronic Arts,1.06,2.04
Madden NFL 15,2014,Sports,Electronic Arts,0.25,2.03
1080°: TenEighty Snowboarding,1998,Sports,Nintendo,0.61,2.03
Just Dance 3,2011,Misc,Ubisoft,0.4,2.03
NBA Live 2004,2003,Sports,Electronic Arts,0.18,2.03
Dead Space,2008,Action,Electronic Arts,0.67,2.02
Call of Duty 2,2005,Shooter,Activision,0.05,2.02
Madden NFL 15,2014,Sports,Electronic Arts,0.09,2.02
Forza Horizon,2012,Racing,Microsoft Game Studios,0.98,2.02
TouchMaster,2007,Puzzle,Midway Games,1.27,2.01
Tom Clancy's The Division,2016,Shooter,Ubisoft,0.62,2.01
LEGO Marvel Super Heroes,2013,Action,Warner Bros. Interactive Entertainment,0.85,2
Fire Emblem: Awakening,2012,Role-Playing,Nintendo,0.45,2
DriveClub,2014,Racing,Sony Computer Entertainment,1.31,2
Super Street Fighter II,1993,Fighting,Nintendo,0.16,2
Mortal Kombat vs. DC Universe,2008,Fighting,Midway Games,0.3,2
Tenchu: Stealth Assassins,1997,Action,Activision,0.64,1.99
Tennis,1989,Sports,Nintendo,0.3,1.99
Harry Potter and the Chamber of Secrets,2002,Action,Electronic Arts,0.64,1.99
Harry Potter and the Chamber of Secrets,2002,Action,Electronic Arts,1.09,1.98
SimCity,1991,Simulation,Nintendo,0.27,1.98
Battlefield 4,2013,Shooter,Electronic Arts,0.58,1.98
Resident Evil 6,2012,Shooter,Capcom,0.63,1.98
Dragon Age: Inquisition,2014,Role-Playing,Electronic Arts,0.86,1.97
Sonic Classic Collection,2010,Platform,Sega,0.8,1.97
Spyro: Enter the Dragonfly,2002,Platform,Universal Interactive,0.95,1.97
Call of Duty: World at War,2008,Shooter,Activision,0.59,1.97
Devil May Cry 2,2003,Action,Capcom,0.58,1.97
Burnout Paradise,2008,Racing,Electronic Arts,0.64,1.97
E.T.: The Extra Terrestrial,1981,Action,Atari,0.11,1.97
BioShock Infinite,2013,Shooter,Take-Two Interactive,0.57,1.96
Hot Shots Golf: Open Tee,2004,Sports,Sony Computer Entertainment,0.5,1.96
Rad Racer,1986,Racing,Nintendo,0.37,1.96
Soccer,1985,Sports,Nintendo,0.23,1.96
Kirby Squeak Squad,2006,Platform,Nintendo,0.03,1.96
Tom Clancy's Rainbow Six: Vegas,2006,Shooter,Ubisoft,0.65,1.96
Destiny,2014,Shooter,Activision,0.49,1.95
Crash Nitro Kart,2003,Racing,Vivendi Games,1.01,1.95
Grand Theft Auto: San Andreas,2005,Action,Take-Two Interactive,0.61,1.95
Star Wars: Dark Forces,1994,Shooter,LucasArts,0.77,1.95
NBA Street Vol. 2,2003,Sports,Electronic Arts,0.2,1.95
Def Jam Vendetta,2003,Fighting,Electronic Arts,0.74,1.94
FIFA Soccer 09,2008,Sports,Electronic Arts,1.26,1.94
Who wants to be a millionaire,1999,Misc,Disney Interactive Studios,0,1.94
Scooby Doo and the Cyber Chase,2001,Adventure,THQ,1.23,1.94
Alleyway,1989,Puzzle,Nintendo,0.38,1.94
Dragon Ball Z: Budokai 3,2004,Fighting,Atari,0.15,1.94
Jet Moto 2,1997,Racing,Sony Computer Entertainment,0.42,1.94
Tom Clancy's Ghost Recon,2002,Shooter,Ubisoft,0.4,1.94
X-Men Legends,2004,Role-Playing,Activision,0.72,1.93
Batman: Arkham Origins,2013,Action,Warner Bros. Interactive Entertainment,0.61,1.93
Guitar Hero: World Tour,2008,Misc,Activision,0.56,1.93
Mortal Kombat II,1993,Fighting,Acclaim Entertainment,0.39,1.93
Virtua Fighter 2,1995,Fighting,Sega,0.26,1.93
Tetris DX,1998,Puzzle,Nintendo,0.6,1.93
Mortal Kombat vs. DC Universe,2008,Fighting,Midway Games,0.24,1.93
Watch Dogs,2014,Action,Ubisoft,0.89,1.93
Mario Super Sluggers,2008,Sports,Nintendo,0,1.93
Tomb Raider (2013),2013,Action,Square Enix,0.87,1.92
The Legend of Zelda: Oracle of Ages,2001,Action,Nintendo,0.53,1.92
Need for Speed: Shift,2009,Racing,Electronic Arts,0.97,1.92
Monopoly,2008,Misc,Electronic Arts,0.85,1.92
Red Faction,2001,Shooter,THQ,0.96,1.92
The Sims: Makin' Magic,2003,Simulation,Electronic Arts,0.8,1.92
MX Unleashed,2004,Racing,THQ,0.73,1.92
PaRappa The Rapper,1996,Misc,Sony Computer Entertainment,0.16,1.92
Toy Story Mania!,2009,Misc,Disney Interactive Studios,0.67,1.92
Mario Party 3,2000,Misc,Nintendo,0.16,1.91
Star Wars: The Force Unleashed,2008,Action,LucasArts,0.57,1.91
Game Party 2,2008,Misc,Midway Games,0.44,1.91
Destiny: The Taken King,2015,Shooter,Activision,0.78,1.91
LEGO Star Wars III: The Clone Wars,2011,Action,LucasArts,0.66,1.91
Star Wars Rogue Leader: Rogue Squadron II,2001,Simulation,LucasArts,0.75,1.9
Max Payne 3,2012,Shooter,Take-Two Interactive,0.92,1.9
Need for Speed Rivals,2013,Racing,Electronic Arts,0.91,1.89
Madden NFL 09,2008,Sports,Electronic Arts,0.15,1.89
Yokai Watch,2013,Role-Playing,Nintendo,0.3,1.89
Ratchet & Clank Future: A Crack in Time,2009,Platform,Sony Computer Entertainment,0.54,1.88
Yu-Gi-Oh! Forbidden Memories,1999,Role-Playing,Konami Digital Entertainment,0.44,1.88
Mortal Kombat: Deception,2004,Fighting,Midway Games,0.72,1.88
Hot Shots Golf 2,1999,Sports,Sony Computer Entertainment,0.12,1.88
Medal of Honor: European Assault (All Region sales),2005,Shooter,Electronic Arts,0.69,1.88
WCW Nitro,1998,Fighting,THQ,0.36,1.88
High School Musical: Sing It!,2007,Misc,Disney Interactive Studios,0.08,1.87
Star Fox Adventures,2002,Adventure,Nintendo,0.53,1.87
FIFA 2000,1998,Sports,Electronic Arts,1.47,1.87
Dynasty Warriors 3,2001,Action,THQ,0.16,1.87
Donkey Kong Country Returns,2013,Platform,Nintendo,0.62,1.87
The Legend of Zelda: Oracle of Seasons,2001,Adventure,Nintendo,0.52,1.86
Madden NFL 06,2005,Sports,Electronic Arts,0.03,1.86
Shrek 2,2004,Platform,Activision,0.69,1.86
The Legend of Dragoon,1999,Role-Playing,Sony Computer Entertainment,0.44,1.86
Turok 2: Seeds of Evil,1997,Platform,Acclaim Entertainment,0.41,1.86
SingStar,2004,Misc,Sony Computer Entertainment,1.37,1.86
LittleBigPlanet 3,2014,Platform,Sony Computer Entertainment,0.92,1.86
NBA Live 2002,2001,Sports,Electronic Arts,0.71,1.86
Phineas and Ferb,2009,Action,Disney Interactive Studios,0.37,1.86
Chrono Cross,1999,Role-Playing,SquareSoft,0.42,1.86
GoldenEye 007 (2010),2010,Action,Activision,0.71,1.86
Mario Party: Island Tour,2013,Misc,Nintendo,0.59,1.85
Jak 3,2004,Platform,Sony Computer Entertainment,0.49,1.85
Rayman Raving Rabbids 2,2007,Misc,Ubisoft,0.82,1.85
Kingdom Hearts: Chain of Memories,2004,Role-Playing,Square Enix,0.18,1.85
Pinball,1984,Action,Nintendo,0.19,1.85
inFAMOUS 2,2011,Action,Sony Computer Entertainment,0.49,1.85
Gran Turismo Concept 2001 Tokyo,2001,Racing,Unknown,1.1,1.84
Demon's Souls,2009,Role-Playing,Namco Bandai Games,0.34,1.84
NCAA Football 06,2005,Sports,Electronic Arts,0.05,1.84
"Hey You, Pikachu!",1998,Simulation,Nintendo,0.06,1.83
2 Games in 1: Sonic Advance & ChuChu Rocket!,2005,Misc,THQ,0.49,1.83
World of Warcraft: Mists of Pandaria,2012,Role-Playing,Activision,0.76,1.83
Jet Moto,1996,Racing,Sony Computer Entertainment,0.4,1.83
Just Cause 3,2015,Action,Square Enix,1.02,1.83
Secret of Mana,1993,Role-Playing,SquareSoft,0.07,1.83
The Orange Box,2007,Shooter,Electronic Arts,0.54,1.83
Air Combat,1995,Simulation,Sony Computer Entertainment,0.33,1.83
Kirby: Triple Deluxe,2014,Platform,Nintendo,0.34,1.82
Sonic & Knuckles,1994,Platform,Sega,0.43,1.82
Namco Museum,2001,Misc,Namco Bandai Games,0.07,1.82
The Sims: Hot Date,2001,Simulation,Electronic Arts,0,1.82
Metroid Prime 3: Corruption,2007,Shooter,Nintendo,0.74,1.82
Dragon Quest VI: Realms of Revelation,2010,Role-Playing,Nintendo,0.21,1.81
The Evil Within,2014,Action,Bethesda Softworks,0.84,1.81
DDRMAX2: Dance Dance Revolution,2003,Simulation,Konami Digital Entertainment,0.59,1.81
Crazy Taxi,2000,Racing,Sega,0.51,1.81
Virtua Fighter 4,2002,Fighting,Sega,0.44,1.81
Sly 2: Band of Thieves,2004,Platform,Sony Computer Entertainment,0.69,1.81
Guitar Hero: World Tour,2008,Misc,Activision,0.03,1.8
Sonic Advance 2,2002,Platform,Sega,0.59,1.8
Madden NFL 07,2006,Sports,Electronic Arts,0,1.8
NBA 2K11,2010,Action,Take-Two Interactive,0.21,1.8
NFL GameDay 2000,1999,Sports,989 Studios,0.68,1.8
Call of Duty: Black Ops 3,2015,Shooter,Activision,0.96,1.79
Disney's The Lion King,1994,Platform,Virgin Interactive,0.39,1.79
Beyond: Two Souls,2013,Adventure,Sony Computer Entertainment,0.88,1.79
Kinect Star Wars,2012,Action,Microsoft Game Studios,0.57,1.78
Midnight Club II,2003,Racing,Take-Two Interactive,0.29,1.78
Dragon Quest Monsters: Joker,2006,Role-Playing,Square Enix,0.03,1.78
SpongeBob SquarePants: SuperSponge,2001,Action,THQ,0.58,1.78
The Getaway: Black Monday,2004,Action,Sony Computer Entertainment,1.01,1.78
Professor Layton and the Mask of Miracle,2011,Puzzle,Nintendo,0.95,1.78
Just Cause 2,2010,Action,Square Enix,0.94,1.78
Dragon's Dogma,2012,Role-Playing,Capcom,0.46,1.78
The Legend of Zelda: The Wind Waker,2013,Action,Nintendo,0.57,1.77
50 Cent: Bulletproof,2005,Action,Vivendi Games,0.76,1.77
High School Musical: Sing It!,2007,Misc,Disney Interactive Studios,0.45,1.77
Wii Party U,2013,Misc,Nintendo,0.54,1.77
Madden NFL 25,2013,Sports,Electronic Arts,0.03,1.77
Final Fantasy II,1991,Role-Playing,Square,0.09,1.77
Kirby 64: The Crystal Shards,2000,Platform,Nintendo,0.06,1.77
Dead or Alive 3,2001,Fighting,Microsoft Game Studios,0.29,1.77
UFC 2009 Undisputed,2009,Fighting,THQ,0.45,1.77
Metroid II: Return of Samus,1991,Adventure,Nintendo,0.31,1.76
WWF Attitude,1998,Fighting,Acclaim Entertainment,0.42,1.76
The SpongeBob SquarePants Movie,2004,Platform,THQ,0.54,1.76
Golden Sun,2001,Role-Playing,Nintendo,0.38,1.76
Sonic the Hedgehog 3,1994,Platform,Sega,0.47,1.76
Kid Icarus,1986,Platform,Nintendo,0.12,1.76
Def Jam: Fight for NY,2004,Fighting,Electronic Arts,0.67,1.76
Tom Clancy's Ghost Recon,2002,Shooter,Ubisoft,0.46,1.76
State of Emergency,2002,Action,Take-Two Interactive,0.67,1.76
BioShock Infinite,2013,Shooter,Take-Two Interactive,0.69,1.76
Hitman: Absolution,2012,Action,Square Enix,0.9,1.76
2 Games in 1 Double Pack: The Incredibles / Finding Nemo: The Continuing Adventures,2007,Action,THQ,0.47,1.76
Call of Duty: Black Ops 3,2015,Shooter,Activision,0.48,1.76
The Urbz: Sims in the City,2004,Simulation,Electronic Arts,0.95,1.76
FIFA Soccer 08,2007,Sports,Electronic Arts,1.07,1.76
Star Wars: Starfighter,2001,Simulation,Activision,0.87,1.76
Madden NFL 2000,1998,Sports,Electronic Arts,0.04,1.75
Kingdom Hearts,2013,Role-Playing,Square Enix,0.37,1.75
Star Wars: Battlefront,2004,Shooter,Activision,0.45,1.75
Pro Evolution Soccer,2001,Sports,Konami Digital Entertainment,0.9,1.75
Crackdown,2007,Shooter,Microsoft Game Studios,0.54,1.75
Yoshi,1991,Puzzle,Nintendo,0.13,1.75
Disney's Aladdin,1993,Platform,Capcom,0.34,1.75
Kirby's Adventure,1993,Platform,Nintendo,0.14,1.75
Cooking Mama 3: Shop & Chop,2009,Simulation,505 Games,0.66,1.75
Dance Dance Revolution X,2008,Simulation,Konami Digital Entertainment,0.66,1.75
2 Games in 1: Disney Princess & The Lion King,2004,Misc,THQ,0.46,1.75
Star Wars Episode I: The Phantom Menace,1999,Adventure,LucasArts,0.89,1.74
Xenosaga Episode I: Der Wille zur Macht,2002,Role-Playing,Namco Bandai Games,0.49,1.74
Portal 2,2011,Shooter,Valve,0.63,1.74
The Beatles: Rock Band,2009,Misc,MTV Games,0.4,1.74
Forza Motorsport 6,2015,Racing,Microsoft Game Studios,0.89,1.74
Sonic Colors,2010,Platform,Sega,0.61,1.74
Cruis'n USA,1996,Racing,Nintendo,0.04,1.74
Madden NFL 99,1998,Sports,Electronic Arts,0.04,1.74
Diablo III,2014,Role-Playing,Activision,0.88,1.74
Uncharted: Golden Abyss,2011,Shooter,Sony Computer Entertainment,0.75,1.74
Destiny,2014,Shooter,Activision,0.66,1.73
SSX Tricky,2001,Sports,Electronic Arts,0.66,1.73
Overwatch,2016,Shooter,Activision,0.68,1.73
Twisted Metal III,1998,Action,989 Studios,0.2,1.73
Harry Potter and the Sorcerer's Stone,2001,Action,Electronic Arts,0.62,1.73
Disney Infinity,2013,Action,Disney Interactive Studios,0.44,1.73
Crash Bandicoot: The Huge Adventure,2002,Platform,Universal Interactive,0.7,1.73
Dishonored,2012,Action,Bethesda Softworks,0.52,1.73
Rockstar Games Double Pack: Grand Theft Auto III & Grand Theft Auto Vice City,2003,Action,Take-Two Interactive,0.66,1.72
The Order: 1886,2015,Shooter,Sony Computer Entertainment,0.78,1.72
The Elder Scrolls Online,2015,Role-Playing,Bethesda Softworks,0.78,1.72
Call of Duty: World at War Final Fronts,2008,Shooter,Activision,0.18,1.72
Imagine: Teacher,2008,Simulation,Ubisoft,0.83,1.72
Call of Duty: Modern Warfare 3,2011,Shooter,Activision,0.98,1.72
Madden NFL 2005,2004,Sports,Electronic Arts,0.03,1.72
Star Ocean: Till The End of Time,2003,Role-Playing,Ubisoft,0.21,1.72
The Sims 3: Late Night Expansion Pack,2010,Simulation,Electronic Arts,0.87,1.71
Game Party 3,2009,Puzzle,Warner Bros. Interactive Entertainment,0.16,1.71
Toy Story 2: Buzz Lightyear to the Rescue!,1998,Platform,Activision,0.64,1.71
Deal or No Deal,2007,Misc,Mindscape,0.41,1.71
Ace Combat 5: The Unsung War,2004,Simulation,Sony Computer Entertainment Europe,0.34,1.71
Need for Speed Underground,2003,Racing,Electronic Arts,0.55,1.71
Kanshuu Nippon Joushikiryoku Kentei Kyoukai: Imasara Hito ni wa Kikenai Otona no Joushikiryoku Training DS,2006,Misc,Nintendo,0,1.71
Tetris Worlds,2001,Puzzle,THQ,0.39,1.71
Cabela's Big Game Hunter 2010,2009,Sports,Activision Value,0,1.7
The Crew,2014,Racing,Ubisoft,1.08,1.7
FIFA Soccer 10,2009,Sports,Electronic Arts,0.24,1.7
We Ski,2008,Sports,Namco Bandai Games,0.42,1.7
Personal Trainer: Math,2007,Puzzle,Nintendo,1.12,1.7
Kirby's Return to Dreamland,2011,Platform,Nintendo,0.21,1.7
Super Puyo Puyo,1993,Puzzle,Banpresto,0,1.7
Ben 10: Protector of Earth,2007,Action,D3Publisher,0.83,1.7
NCAA Football 07,2006,Sports,Electronic Arts,0.05,1.7
SOCOM 3: U.S. Navy SEALs,2005,Shooter,Sony Computer Entertainment,0.34,1.69
NBA 2K15,2014,Sports,Take-Two Interactive,0.18,1.69
Saints Row 2,2008,Action,THQ,0.54,1.69
Saints Row IV,2013,Action,Deep Silver,0.53,1.69
Jampack Winter '99,1999,Misc,Sony Computer Entertainment,0.64,1.69
Dragon Age: Origins,2009,Role-Playing,Electronic Arts,0.44,1.69
FIFA 16,2015,Sports,Electronic Arts,1.01,1.69
WCW vs. nWo: World Tour,1997,Fighting,THQ,0.28,1.69
WCW/NWO Thunder,1998,Fighting,THQ,0.48,1.69
Harry Potter and the Sorcerer's Stone,2001,Action,Electronic Arts,0.66,1.69
Need For Speed: Undercover,2008,Racing,Electronic Arts,0.71,1.69
Dragon Ball Z: The Legacy of Goku,2002,Role-Playing,Infogrames,0.12,1.69
Sid Meier's Civilization V,2010,Strategy,Take-Two Interactive,0.52,1.69
Resident Evil 4,2005,Action,Capcom,0.42,1.69
Call of Duty Black Ops: Declassified,2012,Action,Activision,0.52,1.69
Star Wars Battlefront: Renegade Squadron,2007,Shooter,LucasArts,0.47,1.68
World Championship Poker: Featuring Howard Lederer - All In,2006,Misc,Oxygen Interactive,0.64,1.68
NFL GameDay 98,1997,Sports,Sony Computer Entertainment,0.06,1.68
LEGO Batman 2: DC Super Heroes,2012,Action,Warner Bros. Interactive Entertainment,0.64,1.68
Yoshi's Cookie,1992,Puzzle,Nintendo,0.24,1.68
Time Crisis,1997,Shooter,Namco Bandai Games,0.87,1.68
The Sims: Superstar,2003,Simulation,Electronic Arts,0,1.68
Star Wars The Clone Wars: Lightsaber Duels,2008,Action,LucasArts,0.3,1.68
MySims,2007,Simulation,Electronic Arts,0.55,1.68
Metroid Fusion,2002,Action,Nintendo,0.27,1.68
Shaun White Snowboarding: Road Trip,2008,Sports,Ubisoft,0.57,1.67
SSX 3,2003,Sports,Electronic Arts,0.52,1.67
Big Beach Sports,2008,Sports,THQ,1.02,1.67
Madden NFL 2001,2000,Sports,Electronic Arts,0.05,1.67
Fight Night Round 3,2006,Fighting,Electronic Arts,0.59,1.67
Knack,2013,Platform,Sony Computer Entertainment Europe,0.67,1.67
Star Wars: Battlefront II,2005,Shooter,Activision,0.39,1.67
Disney's DuckTales,1989,Platform,Capcom,0.3,1.67
Tony Hawk's Pro Skater 3,2001,Sports,Activision,0.49,1.67
"Monsters, Inc.",2001,Adventure,THQ,0.95,1.67
StarCraft II: Heart of the Swarm,2013,Strategy,Activision,0.65,1.67
PGR: Project Gotham Racing 2,2003,Racing,Microsoft Game Studios,0.59,1.67
Spy Hunter,2001,Racing,Midway Games,0.32,1.67
NCAA Football 2004,2003,Sports,Electronic Arts,0.09,1.67
SpongeBob SquarePants: Battle for Bikini Bottom,2003,Platform,THQ,0.45,1.67
Dying Light,2015,Action,Warner Bros. Interactive Entertainment,0.66,1.66
Heavenly Sword,2007,Action,Sony Computer Entertainment,0.73,1.66
Street Fighter II': Special Champion Edition,1992,Fighting,Sega,0.3,1.66
SSX,2000,Sports,Electronic Arts,0.61,1.66
Max Payne 3,2012,Shooter,Take-Two Interactive,0.64,1.66
NBA Ballers,2004,Sports,Midway Games,0.63,1.66
Need for Speed Carbon,2006,Racing,Electronic Arts,0.7,1.66
NBA Live 2003,2002,Sports,Electronic Arts,0.15,1.66
Dragon Ball Z: Budokai Tenkaichi,2005,Fighting,Atari,0.12,1.66
Ms. Pac-Man,1981,Puzzle,Atari,0.1,1.65
Mario Party 6,2004,Misc,Nintendo,0.11,1.65
Super Scope 6,1991,Shooter,Nintendo,0.38,1.65
Go Vacation,2011,Misc,Namco Bandai Games,0.68,1.65
Dragon Quest V: Tenkuu no Hanayome,2004,Role-Playing,Enix Corporation,0,1.65
Army of Two,2008,Shooter,Electronic Arts,0.38,1.65
Dragon Quest IV: Chapters of the Chosen,2007,Role-Playing,Square Enix,0.02,1.64
Kirby & the Amazing Mirror,2004,Platform,Nintendo,0.05,1.64
LEGO Pirates of the Caribbean: The Video Game,2011,Action,Disney Interactive Studios,0.72,1.64
Dig Dug,1982,Puzzle,Atari,0.1,1.64
Tom Clancy's Rainbow Six,1999,Shooter,Red Storm Entertainment,0.63,1.64
Ghosts 'n Goblins,1986,Action,Capcom,0.26,1.64
Tiger Woods PGA Tour 2003,2002,Sports,Electronic Arts,0.63,1.64
NBA Live 06 (All region sales),2005,Sports,Electronic Arts,0.15,1.64
Prince of Persia: Warrior Within,2004,Action,Ubisoft,0.88,1.64
Kinectimals,2010,Simulation,Microsoft Game Studios,0.48,1.64
Until Dawn,2015,Adventure,Sony Computer Entertainment Europe,0.89,1.64
ESPN NFL 2K5,2004,Sports,Sega,0.02,1.63
Viva Pinata,2006,Simulation,Microsoft Game Studios,0.96,1.63
Pikmin,2001,Strategy,Nintendo,0.25,1.63
Call of Duty: Black Ops,N/A,Shooter,Activision,0.81,1.63
Sonic Generations,2011,Platform,Sega,0.73,1.63
Tiger Woods PGA Tour 2004,2003,Sports,Electronic Arts,0.34,1.63
Ape Escape,1999,Platform,Sony Computer Entertainment,0.48,1.63
NBA 2K15,2014,Sports,Take-Two Interactive,0.14,1.63
NCAA Football 2005,2004,Sports,Electronic Arts,0.09,1.62
Just Cause 2,2010,Action,Square Enix,0.85,1.62
Rock Band,N/A,Misc,Electronic Arts,0.41,1.62
Tony Hawk's American Wasteland (Old all region sales),2005,Sports,Activision,0.63,1.62
Rage,2011,Shooter,Bethesda Softworks,0.61,1.62
Mario Hoops 3 on 3,2006,Sports,Nintendo,0.04,1.62
Kirby Air Ride,2003,Racing,Nintendo,0.11,1.62
Sled Storm,1998,Racing,Electronic Arts,0.61,1.62
Pokemon Battle Revolution,2006,Role-Playing,Nintendo,0.38,1.61
NFL Street 2,2004,Sports,Electronic Arts,0.62,1.61
Gears of War: Judgment,2013,Shooter,Microsoft Game Studios,0.53,1.61
Baseball,1989,Sports,Nintendo,0.27,1.61
Yu-Gi-Oh! Duel Monsters,1998,Strategy,Konami Digital Entertainment,0,1.61
Super Mario Strikers,2005,Sports,Nintendo,0.38,1.61
Buzz! The Music Quiz,2005,Misc,Sony Computer Entertainment,1.18,1.61
SpongeBob's Atlantis SquarePantis,2007,Action,THQ,0,1.61
Far Cry 4,2014,Shooter,Ubisoft,0.68,1.61
Dance Dance Revolution: Hottest Party 2,2008,Simulation,Konami Digital Entertainment,0.48,1.6
Moshi Monsters: Moshling Zoo,2011,Misc,Activision,0.99,1.6
Dollar Dash,2005,Action,Take-Two Interactive,0.23,1.6
Far Cry 2,2008,Action,Ubisoft,0.69,1.6
F-1 World Grand Prix,1998,Racing,Video System,0.96,1.6
River Raid,1981,Shooter,Activision,0.09,1.6
Silent Hill,1999,Action,Konami Digital Entertainment,0.48,1.6
Dragon Quest V: Hand of the Heavenly Bride,2008,Role-Playing,Square Enix,0.02,1.6
No Man's Sky,2016,Action,Hello Games,0.74,1.6
Sonic Heroes,2003,Platform,Sega,0.44,1.6
ESPN NBA 2K5,2004,Sports,Global Star,0.12,1.59
Diablo,1996,Role-Playing,Activision,1.58,1.59
The Legend of Zelda: Twilight Princess,2006,Action,Nintendo,0.36,1.59
Soul Edge,1996,Fighting,Sony Computer Entertainment,0.41,1.59
Devil May Cry 4,2008,Action,Capcom,0.46,1.59
Mario Bros.,1982,Platform,Atari,0.09,1.59
Pro Evolution Soccer 2008,2007,Sports,Konami Digital Entertainment,1.1,1.59
SoulCalibur IV,2008,Fighting,Ubisoft,0.44,1.59
LEGO Harry Potter: Years 1-4,2010,Action,Warner Bros. Interactive Entertainment,0.5,1.59
NASCAR 2000,1999,Racing,Electronic Arts,0.6,1.59
Wolfenstein: The New Order,2014,Shooter,Bethesda Softworks,0.8,1.58
Carnival Games: Mini Golf,2008,Sports,Take-Two Interactive,0.56,1.58
Guitar Hero: On Tour Decades,2008,Misc,Activision,0.58,1.58
MySims Kingdom,2008,Simulation,Electronic Arts,0.6,1.58
Jampack Summer 2K,2000,Misc,Sony Computer Entertainment,0.6,1.58
Need for Speed: Most Wanted,2012,Racing,Electronic Arts,0.8,1.58
Guitar Hero 5,2009,Misc,Activision,0.49,1.58
High School Musical 3: Senior Year,2008,Misc,Disney Interactive Studios,0.76,1.58
Kingdom Hearts 3D: Dream Drop Distance,2012,Action,Square Enix,0.26,1.58
Hannah Montana: Music Jam,2007,Action,Disney Interactive Studios,0.37,1.58
Pokemon Mystery Dungeon: Explorers of Sky,2009,Role-Playing,Nintendo,0.44,1.58
Spyro 2: Season of Flame,2002,Platform,Vivendi Games,0.65,1.58
Pro Evolution Soccer 2010,2009,Sports,Konami Digital Entertainment,0.18,1.57
NCAA Football 2002,2001,Sports,Electronic Arts,0.6,1.57
Conflict: Desert Storm,2002,Shooter,Gotham Games,0.53,1.57
Mario Party 7,2005,Misc,Nintendo,0.11,1.57
Pro Evolution Soccer 2013,2012,Sports,Konami Digital Entertainment,0.64,1.56
Smuggler's Run,2000,Racing,Take-Two Interactive,0.6,1.56
Fight Night Round 3,2006,Fighting,Electronic Arts,0.4,1.56
Donkey Kong Classics,1988,Platform,Nintendo,0.14,1.56
Twisted Metal,1995,Action,Sony Computer Entertainment,0.19,1.56
Dark Souls III,2016,Role-Playing,Namco Bandai Games,0.44,1.56
Final Fight,1990,Action,Capcom,0.17,1.56
Dragon Quest Monsters 2,2001,Role-Playing,Enix Corporation,0,1.56
Pokemon Pinball: Ruby & Sapphire,2003,Misc,Nintendo,0.38,1.56
LEGO Marvel Super Heroes,2013,Action,Warner Bros. Interactive Entertainment,0.75,1.56
Mafia II,2010,Action,Take-Two Interactive,0.56,1.55
Dishonored,2012,Action,Bethesda Softworks,0.54,1.55
Stuntman,2002,Racing,Atari,0.59,1.55
Tom Clancy's Rainbow Six 3,2003,Shooter,Ubisoft,0.57,1.55
Active Life: Outdoor Challenge,2008,Sports,Atari,0.44,1.55
BioShock 2,2010,Shooter,Take-Two Interactive,0.47,1.55
007: The World is not Enough,2000,Action,Electronic Arts,0.38,1.55
Spider-Man 2: Enter: Electro,2001,Action,Activision,0.87,1.55
Watch Dogs,2014,Action,Ubisoft,0.53,1.55
Star Wars: The Force Unleashed II,2010,Action,LucasArts,0.53,1.55
Ni no Kuni: Wrath of the White Witch,2011,Role-Playing,Namco Bandai Games,0.51,1.55
Command & Conquer: Tiberian Sun,1999,Strategy,Westwood Studios,0,1.55
LEGO Battles: Ninjago,2011,Strategy,Warner Bros. Interactive Entertainment,0.36,1.55
Mario Party 10,2015,Misc,Nintendo,0.5,1.55
Dead Rising 3,2013,Action,Microsoft Game Studios,0.35,1.54
Resident Evil: The Umbrella Chronicles,2007,Action,Capcom,0.43,1.54
Fire Emblem Fates,2015,Role-Playing,Nintendo,0.22,1.54
Dark Cloud,2000,Role-Playing,Sony Computer Entertainment,0.44,1.54
Warcraft III: The Frozen Throne,2003,Strategy,Activision,0.87,1.54
Tom Clancy's Ghost Recon Advanced Warfighter,2006,Shooter,Ubisoft,0.02,1.54
Disney Fairies: Tinker Bell,2008,Adventure,Disney Interactive Studios,0.52,1.54
MVP Baseball 2005,2005,Sports,Electronic Arts,0.07,1.54
Die Hard Trilogy,1996,Shooter,Fox Interactive,0.58,1.54
Call of Duty: Black Ops II,2012,Shooter,Activision,0.69,1.53
Fight Night Round 4,2009,Fighting,Electronic Arts,0.41,1.53
MySims Kingdom,2008,Simulation,Electronic Arts,0.65,1.53
The Simpsons Game,2007,Action,Electronic Arts,0.79,1.53
Mortal Kombat 3,1994,Fighting,Acclaim Entertainment,0.29,1.53
NFL GameDay 99,1998,Sports,989 Studios,0.05,1.53
Call of Duty: Modern Warfare: Reflex Edition,2009,Shooter,Activision,0.43,1.53
FIFA 17,2016,Sports,Electronic Arts,1.26,1.53
Mario Golf: Toadstool Tour,2003,Sports,Nintendo,0.15,1.53
Tiger Woods 99 PGA Tour Golf,1997,Sports,Electronic Arts,0.58,1.53
Donkey Kong Country: Tropical Freeze,2014,Platform,Nintendo,0.52,1.52
Dead Space 2,2011,Shooter,Electronic Arts,0.45,1.52
Sonic Rivals 2,2007,Racing,Sega,0.69,1.52
Knockout Kings,1997,Fighting,Electronic Arts,0.39,1.52
The Simpsons Skateboarding,2002,Sports,Electronic Arts,0.9,1.52
NASCAR 98,1996,Racing,Electronic Arts,0.05,1.52
F1 Race,1984,Racing,Nintendo,0,1.52
Xevious,1984,Shooter,Namco Bandai Games,0.06,1.52
NASCAR 99,1998,Racing,Electronic Arts,0.04,1.52
NBA Live 2000,1998,Sports,Electronic Arts,0.05,1.52
Mafia II,2010,Action,Take-Two Interactive,0.72,1.52
Call of Duty 3,2006,Shooter,Activision,0.63,1.52
Super Monkey Ball 2,2002,Puzzle,Atari,0.31,1.52
Pac-Man World 2,2002,Action,Namco Bandai Games,0.05,1.51
Madden NFL 15,2014,Sports,Electronic Arts,0.09,1.51
Sonic & Sega All-Stars Racing,2010,Racing,Sega,0.71,1.51
LEGO Star Wars III: The Clone Wars,2011,Action,LucasArts,0.54,1.51
Football Manager 2012,2011,Sports,Sega,1.16,1.51
Puzzle & Dragons,2013,Role-Playing,GungHo,0,1.51
Mega Man 2,1988,Action,Capcom,0.15,1.51
Simpsons Wrestling,2001,Fighting,Electronic Arts,1.16,1.51
NBA Live 98,1997,Sports,Electronic Arts,0.06,1.51
The Simpsons Game,2007,Action,Electronic Arts,0.03,1.51
Monopoly,1997,Misc,Hasbro Interactive,0.27,1.51
SoulCalibur II,2003,Fighting,Namco Bandai Games,0.32,1.5
Resistance 3,2011,Shooter,Sony Computer Entertainment,0.58,1.5
Tokyo Xtreme Racer Zero,2000,Racing,Crave Entertainment,0.52,1.5
Final Fantasy XIV: A Realm Reborn,2010,Role-Playing,Square Enix,0.48,1.5
NFL Blitz,1998,Sports,Midway Games,0.05,1.5
Red Faction II,2002,Shooter,THQ,0.78,1.5
Super Scribblenauts,2010,Puzzle,Warner Bros. Interactive Entertainment,0.31,1.5
Madden NFL 2001,2000,Sports,Electronic Arts,0.07,1.5
WWF No Mercy,2000,Fighting,THQ,0.27,1.5
Ice Climber,1985,Platform,Nintendo,0.1,1.5
Sonic CD,1993,Platform,Sega,0.36,1.5
Ninja Hattori Kun: Ninja wa Shuugyou Degogiru no Maki,1986,Platform,Hudson Soft,0,1.5
Dead Rising 2,2010,Action,Capcom,0.53,1.5
Rock Band 2,2008,Misc,MTV Games,0.2,1.5
Pac-Man World,1998,Action,Namco Bandai Games,0.14,1.5
Disney Sing It: Pop Hits,2009,Misc,Disney Interactive Studios,0.28,1.49
Final Fantasy: Crystal Chronicles,2003,Role-Playing,Nintendo,0.38,1.49
Medal of Honor: Frontline,2002,Shooter,Electronic Arts,0.43,1.49
Madden NFL 09,2008,Sports,Electronic Arts,0,1.49
Drawn To Life: SpongeBob SquarePants Edition,2008,Adventure,THQ,0.36,1.49
Banjo-Tooie,2000,Platform,Nintendo,0.36,1.49
Buzz! The BIG Quiz,2006,Misc,Sony Computer Entertainment,1.1,1.49
007: Quantum of Solace,2008,Action,Activision,0.52,1.49
The Sims 3,2010,Simulation,Electronic Arts,0.73,1.49
New Play Control! Mario Power Tennis,2009,Sports,Nintendo,0.69,1.48
Bratz: Forever Diamondz,2006,Adventure,THQ,0.88,1.48
Dirge of Cerberus: Final Fantasy VII,2006,Shooter,Square Enix,0.37,1.48
Nintendo World Cup,1990,Sports,Nintendo,0.5,1.48
WWF WrestleMania 2000,1999,Fighting,THQ,0.25,1.48
Wario Land II,1997,Platform,Nintendo,0.35,1.48
Mass Effect 2,2011,Role-Playing,Electronic Arts,0.47,1.48
Major League Baseball 2K5,2005,Sports,Take-Two Interactive,0.56,1.48
Fight Night 2004,2004,Fighting,Electronic Arts,0.2,1.48
Tom Clancy's Splinter Cell: Pandora Tomorrow,2004,Action,Ubisoft,0.59,1.48
Imagine: Master Chef,2007,Simulation,Ubisoft,0.92,1.47
Assassin's Creed III: Liberation,2012,Action,Ubisoft,0.55,1.47
SoulCalibur IV,2008,Fighting,Ubisoft,0.41,1.47
Mario Golf,1999,Action,Nintendo,0.18,1.47
Disney Princess,2003,Platform,THQ,0.37,1.47
Fight Night Round 3,2006,Fighting,Electronic Arts,0.03,1.47
Metal Gear Rising: Revengeance,2013,Action,Konami Digital Entertainment,0.4,1.47
Chrono Trigger,2008,Role-Playing,Square Enix,0.2,1.47
Star Wars: The Force Unleashed II,2010,Action,LucasArts,0.4,1.47
The House of the Dead 2 & 3 Return,2008,Shooter,Sega,0.5,1.47
Disney Princess: Magical Jewels,2007,Adventure,Disney Interactive Studios,0.2,1.47
LittleBigPlanet PS Vita,2012,Platform,Sony Computer Entertainment,0.72,1.47
Xenogears,1998,Role-Playing,SquareSoft,0.19,1.46
The SpongeBob SquarePants Movie,2004,Platform,THQ,0.38,1.46
Tom Clancy's Ghost Recon: Future Soldier,2012,Shooter,Ubisoft,0.4,1.46
Battlefield: Bad Company,2008,Shooter,Electronic Arts,0.46,1.46
Midway Arcade Treasures,2003,Misc,Midway Games,0.56,1.46
Wall-E,2008,Platform,THQ,0.83,1.46
Triple Play 99,N/A,Sports,N/A,0.55,1.46
Homefront,2011,Shooter,THQ,0.48,1.46
Super Monkey Ball,2001,Puzzle,Atari,0.37,1.46
Donkey Kong,1981,Platform,Coleco,0.08,1.46
Mortal Kombat 4,1998,Fighting,GT Interactive,0.55,1.46
Mario Superstar Baseball,2005,Sports,Nintendo,0.24,1.46
Mass Effect 3,2012,Role-Playing,Electronic Arts,0.59,1.46
LEGO Batman 2: DC Super Heroes,2012,Action,Warner Bros. Interactive Entertainment,0.4,1.46
Medal of Honor: Warfighter,2012,Action,Electronic Arts,0.65,1.46
WCW vs the World,1998,Fighting,THQ,0.2,1.46
SNK vs. Capcom: The Match of the Millennium,2006,Fighting,Sega,0.58,1.46
LEGO City Undercover,2013,Platform,Nintendo,0.75,1.46
Onimusha 3: Demon Siege,2004,Action,Capcom,0.47,1.45
Diablo III,2013,Role-Playing,Activision,0.44,1.45
Batman: Arkham Knight,2015,Action,Warner Bros. Interactive Entertainment,0.46,1.45
BioShock,2008,Shooter,Take-Two Interactive,0.49,1.45
Red Dead Revolver,2004,Shooter,Take-Two Interactive,0.55,1.45
Anno 2070,2011,Strategy,Ubisoft,1.13,1.45
Resident Evil: Outbreak,2003,Action,Capcom,0.35,1.45
Smarty Pants,2007,Misc,Electronic Arts,0.76,1.45
Tamagotchi,1996,Simulation,Namco Bandai Games,0,1.45
4 Nin uchi Mahjong,1984,Misc,Nintendo,0,1.45
Dragon Ball Z,1993,Fighting,Namco Bandai Games,0,1.45
Game de Hakken!! Tamagotchi 2,1997,Simulation,Namco Bandai Games,0,1.45
Namco Museum 64,1999,Misc,Namco Bandai Games,0.17,1.45
Hasbro Family Game Night,2008,Puzzle,Electronic Arts,0.34,1.45
Dragon Quest Monsters: Joker 2,2010,Role-Playing,Square Enix,0.08,1.45
Tony Hawk's American Wasteland (Weekly american sales),2005,Sports,Activision,0.05,1.45
My Word Coach,2007,Misc,Ubisoft,0.9,1.45
Hello Kitty Party,2007,Misc,Rising Star Games,0.53,1.44
SingStar Pop,2007,Misc,Sony Computer Entertainment,1.08,1.44
Sonic Rivals,2006,Racing,Sega,0.42,1.44
SimCity (2013),2013,Simulation,Electronic Arts,0.77,1.44
Kirby Super Star,1996,Platform,Nintendo,0.07,1.44
Far Cry 4,2014,Shooter,Ubisoft,0.79,1.44
WWE SmackDown vs Raw 2008,2007,Fighting,THQ,0.38,1.44
Kinect Joy Ride,2010,Racing,Microsoft Game Studios,0.4,1.44
Rayman Raving Rabbids,2006,Misc,Ubisoft,0.07,1.44
Need for Speed Rivals,2013,Racing,Electronic Arts,0.74,1.44
Tiger Woods PGA Tour 2005,2004,Sports,Electronic Arts,0.32,1.44
Dead Space 2,2011,Shooter,Electronic Arts,0.5,1.44
NCAA Football 2003,2002,Sports,Electronic Arts,0.08,1.44
Frogger 2: Swampy's Revenge,1999,Action,Hasbro Interactive,0.54,1.43
Disney Infinity,2013,Action,Disney Interactive Studios,0.37,1.43
LEGO Indiana Jones 2: The Adventure Continues,2009,Action,Activision,0.39,1.43
Sonic's Ultimate Genesis Collection,2009,Misc,Sega,0.46,1.43
Tiger Woods PGA Tour 09 All-Play,2008,Sports,Electronic Arts,0.48,1.43
Disney's DuckTales,1988,Platform,Capcom,0.23,1.43
Classic NES Series: Super Mario Bros.,2004,Platform,Nintendo,0,1.43
Triple Play 2000,1999,Sports,Electronic Arts,0.54,1.43
Dragon Quest VII: Warriors of Eden,2013,Role-Playing,Square Enix,0.04,1.42
Cabela's Big Game Hunter,2002,Sports,Activision,0.54,1.42
UFC Undisputed 2010,2010,Fighting,THQ,0.41,1.42
NBA Live 06 (Weekly american sales),2005,Sports,Electronic Arts,0.05,1.42
The Legend of Zelda: The Minish Cap,2004,Action,Nintendo,0.22,1.42
NFL Street,2004,Sports,Electronic Arts,0.08,1.42
Sonic Generations,2011,Platform,Sega,0.57,1.42
Super Metroid,1994,Action,Nintendo,0.12,1.42
Pro Yakyuu Family Stadium '87,1987,Sports,Namco Bandai Games,0,1.42
Dead Space,2008,Action,Electronic Arts,0.4,1.42
Resident Evil (Remake),2002,Action,Capcom,0.38,1.42
Inazuma Eleven 2,2009,Role-Playing,Nintendo,0.21,1.42
Tomb Raider (2013),2014,Action,Square Enix,0.64,1.41
LEGO Star Wars II: The Original Trilogy,2006,Action,LucasArts,0.51,1.41
Toy Story 3: The Video Game,2010,Action,Disney Interactive Studios,0.63,1.41
Fight Night Round 4,2009,Fighting,Electronic Arts,0.34,1.41
LEGO Star Wars: The Video Game,2005,Action,Eidos Interactive,0.28,1.41
Injustice: Gods Among Us,2013,Fighting,Warner Bros. Interactive Entertainment,0.34,1.41
Madden NFL 15,2014,Sports,Electronic Arts,0.15,1.41
Disney's The Lion King,1994,Platform,Virgin Interactive,0.37,1.41
Ridge Racer,2004,Racing,Sony Computer Entertainment,0.45,1.41
Metroid: Other M,2010,Action,Nintendo,0.31,1.41
Knockout Kings 2000,1999,Fighting,Electronic Arts,0.34,1.41
Gran Turismo 4 Prologue,2003,Racing,Sony Computer Entertainment,0.47,1.41
Twisted Metal: Black,2001,Racing,Sony Computer Entertainment,0.17,1.41
NASCAR 2005: Chase for the Cup,2004,Racing,Electronic Arts,0.54,1.41
Call of Duty: Black Ops,2010,Shooter,Activision,0.47,1.4
Spider-Man: The Movie,2002,Action,Activision,0.28,1.4
Need For Speed: Undercover,2008,Racing,Electronic Arts,0.08,1.4
2Xtreme,1996,Sports,Sony Computer Entertainment,0.2,1.4
Far Cry 2,2008,Action,Ubisoft,0.7,1.4
Sonic Advance 3,2004,Platform,THQ,0.52,1.4
Final Fantasy III,1990,Role-Playing,SquareSoft,0,1.4
Battlefield 4,2013,Shooter,Electronic Arts,0.86,1.4
Colin McRae Rally 3,2002,Racing,Codemasters,1.05,1.4
Madden NFL 2002,2001,Sports,Electronic Arts,0.53,1.39
Doom (2016),2016,Shooter,Bethesda Softworks,0.66,1.39
Final Fantasy XII: Revenant Wings,2007,Role-Playing,Square Enix,0.42,1.39
Bakugan: Battle Brawlers,2009,Action,Activision,0.02,1.39
Deus Ex: Human Revolution,2011,Shooter,Square Enix,0.6,1.39
NBA Jam,1994,Sports,Acclaim Entertainment,0.16,1.39
Teenage Mutant Ninja Turtles III: The Manhattan Project,1991,Action,Konami Digital Entertainment,0.17,1.39
Dynasty Warriors 5,2005,Action,Tecmo Koei,0.18,1.39
Hannah Montana: Spotlight World Tour,2007,Action,Disney Interactive Studios,0.38,1.39
WWE '13,2012,Action,THQ,0.62,1.39
Deus Ex: Human Revolution,2011,Shooter,Square Enix,0.48,1.39
True Crime: Streets of LA,2003,Action,Activision,0.37,1.38
The Sims 2,2005,Simulation,Electronic Arts,0.56,1.38
Paper Mario,2000,Role-Playing,Nintendo,0.18,1.38
Bravely Default: Flying Fairy,2012,Role-Playing,Nintendo,0.32,1.38
Titanfall,2014,Shooter,Electronic Arts,0.38,1.38
Duke Nukem: Time to Kill,1998,Shooter,Take-Two Interactive,0.54,1.38
Persona 4: Golden,2012,Role-Playing,Atlus,0.34,1.38
Dead Rising 2,2010,Action,Capcom,0.57,1.38
Hasbro Family Game Night 2,2009,Misc,Electronic Arts,0.53,1.38
Disney Princess: Enchanted Journey,2007,Adventure,Disney Interactive Studios,0.04,1.38
Gardening Mama,2009,Puzzle,505 Games,0.43,1.38
Dave Mirra Freestyle BMX 2,2001,Sports,Acclaim Entertainment,0.53,1.38
Need for Speed: The Run,2011,Action,Electronic Arts,0.58,1.38
LEGO Indiana Jones: The Original Adventures,2008,Action,LucasArts,0.01,1.37
Assassin's Creed: Rogue,2014,Action,Ubisoft,0.62,1.37
Ridge Racer 7,2006,Racing,Namco Bandai Games,0.7,1.37
A Collection of Activision Classic Games for the Atari 2600,1998,Misc,Activision,0.52,1.37
Forza Horizon 2,2014,Racing,Microsoft Game Studios,0.78,1.37
MotorStorm: Pacific Rift,2008,Racing,Sony Computer Entertainment,0.67,1.37
Sonic Colors,2010,Platform,Sega,0.5,1.37
Star Wars Knights of the Old Republic II: The Sith Lords,2004,Role-Playing,Activision,0.33,1.37
LEGO Harry Potter: Years 1-4,2010,Action,Warner Bros. Interactive Entertainment,0.6,1.37
Pocket Monsters Stadium,1998,Strategy,Nintendo,0,1.37
NBA 2K15,2014,Sports,Take-Two Interactive,0.27,1.36
Tom Clancy's Ghost Recon 2,2004,Shooter,Ubisoft,0.45,1.36
Crash Bandicoot 2: N-Tranced,2003,Platform,Vivendi Games,0.66,1.36
Burnout Paradise,2008,Racing,Electronic Arts,0.58,1.36
SingStar Abba,2008,Misc,Sony Computer Entertainment,0.04,1.36
Gradius,1986,Shooter,Konami Digital Entertainment,0.08,1.36
Dragon Quest III: Soshite Densetsu e...,1996,Role-Playing,Enix Corporation,0,1.36
Centipede,1981,Shooter,Atari,0.08,1.36
Yoshi's New Island,2014,Platform,Nintendo,0.51,1.36
Ryse: Son of Rome,2013,Action,Microsoft Game Studios,0.42,1.36
Dead to Rights,2002,Shooter,Electronic Arts,0.52,1.36
LEGO Harry Potter: Years 5-7,N/A,Action,Warner Bros. Interactive Entertainment,0.47,1.36
Marvel vs. Capcom 3: Fate of Two Worlds,2011,Fighting,Capcom,0.29,1.35
Dance Dance Revolution (Japan),1999,Simulation,Konami Digital Entertainment,0,1.35
F1 2010,2010,Racing,Codemasters,0.76,1.35
Madden NFL 98,1997,Sports,Electronic Arts,0.03,1.35
FIFA Soccer 09,2008,Sports,Electronic Arts,0.73,1.35
Namco Museum DS,2007,Misc,Atari,0.01,1.35
FIFA Soccer 08,2007,Sports,Electronic Arts,0.76,1.35
Grand Theft Auto: Chinatown Wars,2009,Action,Take-Two Interactive,0.57,1.35
Alan Wake,2010,Action,Microsoft Game Studios,0.51,1.35
Battlefield: Bad Company,2008,Shooter,Electronic Arts,0.36,1.35
Mortal Kombat X,2015,Fighting,Warner Bros. Interactive Entertainment,0.21,1.35
Samurai Warriors,2004,Action,Electronic Arts,0.05,1.35
The Simpsons: Hit & Run,2003,Racing,Vivendi Games,0.58,1.35
Devil May Cry 4,2008,Action,Capcom,0.34,1.35
Tom Clancy's Rainbow Six: Vegas 2,2008,Shooter,Ubisoft,0.45,1.35
Monster Hunter Freedom,2005,Role-Playing,Capcom,0.04,1.35
Crysis 2,2011,Action,Electronic Arts,0.5,1.35
SaGa Frontier,1997,Role-Playing,SquareSoft,0.04,1.35
SingStar Party,2004,Misc,Sony Computer Entertainment,1.04,1.35
FIFA Soccer 08,2007,Sports,Electronic Arts,0.89,1.35
The ICO & Shadow of the Colossus Collection,2011,Adventure,Sony Computer Entertainment,0.37,1.35
Test Drive,2002,Racing,Atari,0.21,1.34
Mario & Luigi: Partners in Time,2005,Role-Playing,Nintendo,0.07,1.34
Lost Planet: Extreme Condition,2006,Shooter,Capcom,0.04,1.34
Mortal Kombat 3,1994,Fighting,Acclaim Entertainment,0.27,1.34
Doom 3,2005,Shooter,Activision,0.43,1.34
Donkey Kong Jungle Beat,2004,Platform,Nintendo,0.22,1.34
Need for Speed Carbon,2006,Racing,Electronic Arts,0.05,1.34
Max Payne 2: The Fall of Max Payne,2003,Shooter,Take-Two Interactive,0.51,1.34
Command & Conquer: Red Alert 2,2000,Strategy,Electronic Arts,0.02,1.34
MVP Baseball 2004,2004,Sports,Electronic Arts,0.06,1.34
WWE SmackDown vs Raw 2008,2007,Fighting,THQ,0.5,1.33
Ratchet & Clank: Up Your Arsenal (Weekly american sales),2004,Platform,Sony Computer Entertainment,0.05,1.33
Your Shape: Fitness Evolved,2010,Sports,Ubisoft,0.42,1.33
Rage,2011,Shooter,Bethesda Softworks,0.59,1.33
Skylanders SWAP Force,2013,Platform,Activision,0.36,1.33
NBA 2K14,2013,Sports,Take-Two Interactive,0.31,1.33
Spider-Man: The Movie,2002,Action,Activision,0.35,1.33
WWF War Zone,1998,Fighting,Acclaim Entertainment,0.24,1.33
Tony Hawk's Pro Skater,2000,Sports,Activision,0.38,1.33
The Sims: Bustin' Out,2003,Simulation,Electronic Arts,0.35,1.33
Triple Play 2001,2000,Sports,Electronic Arts,0.5,1.33
Metroid Prime 2: Echoes,2004,Shooter,Nintendo,0.35,1.33
UFC Undisputed 2010,2010,Fighting,THQ,0.31,1.33
Final Fantasy X / X-2 HD Remaster,2013,Role-Playing,Square Enix,0.4,1.33
Corvette,2004,Racing,TDK Mediactive,0.51,1.33
Petz Wild Animals: Dolphinz,2007,Simulation,Ubisoft,0.48,1.33
Pokemon Ranger: Guardian Signs,2010,Role-Playing,Nintendo,0.17,1.33
Middle-Earth: Shadow of Mordor,2014,Action,Warner Bros. Interactive Entertainment,0.5,1.32
Need for Speed Underground Rivals,2005,Racing,Electronic Arts,0.38,1.32
LEGO Batman: The Videogame,2008,Action,Warner Bros. Interactive Entertainment,0.42,1.32
Dark Souls II,2014,Role-Playing,Namco Bandai Games,0.36,1.32
World of Warcraft: Wrath of the Lich King,2008,Role-Playing,Activision,0.13,1.32
Kingdom Hearts II,2014,Role-Playing,Square Enix,0.43,1.32
The LEGO Movie Videogame,2014,Action,Warner Bros. Interactive Entertainment,0.52,1.32
TOCA 2: Touring Cars,1998,Racing,Codemasters,1.16,1.32
Gyromite,1985,Puzzle,Nintendo,0.16,1.32
NFL 2K3,2002,Sports,Atari,0.08,1.32
Fighting Force,1997,Fighting,Eidos Interactive,0.5,1.32
Mega Man Battle Network 4: Red Sun / Blue Moon,2003,Role-Playing,Capcom,0.04,1.32
MAG: Massive Action Game,2010,Shooter,Sony Computer Entertainment,0.3,1.32
Madden NFL 97,1996,Sports,Electronic Arts,0.5,1.32
Cars 2,2011,Racing,Disney Interactive Studios,0.44,1.32
Skylanders Giants,2012,Action,Activision,0.45,1.32
